▦   Libreria giochi	▦   Game library
Tutti i giochi	All games
Libreria giochi	Game library
GIOCO SELEZIONATO	SELECTED GAME
COMPONENTI INSTALLATI	INSTALLED COMPONENTS
Pronto	Ready
Attività recenti	Recent activity
Dettagli tecnici	Technical details
Seleziona un gioco	Select a game
ESeguibile	Executable
Eseguibile e grafica…	Executable and graphics
ESEGUIBILE DEL GIOCO · dove verranno installati i componenti	GAME EXECUTABLE · component installation location
Come vuoi attivare HDR?	How would you like to enable HDR?
HDR del motore · UE5	Engine HDR · UE5
HDR · ReShade e RenoDX	HDR · ReShade and RenoDX
ReShade stabile	Stable ReShade
ReShade nightly	Nightly ReShade
Installa ReShade	Install ReShade
ReShade installato · aggiorna	ReShade installed · update
RenoDX installato · aggiorna	RenoDX installed · update
Installa RenoDX	Install RenoDX
Installa / aggiorna RenoDX	Install / update RenoDX
Disinstalla ReShade	Uninstall ReShade
Pulisci ReShade	Clean up ReShade
Tasto overlay ReShade · senza modificatori	ReShade overlay key · no modifiers
Applica tasto ReShade	Apply ReShade key
Ripristina tasto ReShade	Restore ReShade key
Importa mod RenoDX locale…	Import local RenoDX mod
Importa pacchetto ReShade…	Import ReShade package
? · Compatibilità e caricamento	? · Compatibility and loading
Controlla la catena di caricamento	Review the loading chain
Applica con backup	Apply with backup
Operazione completata. Backup verificato.	Operation completed. Backup verified.
Versioni controllate online al momento dell’installazione.	Versions are checked online when installing.
Componenti rilevati per questo eseguibile. Aggiorna quelli presenti oppure aggiungi la mod RenoDX del gioco.	Components detected for this executable. Update installed components or add the game's RenoDX mod.
Giallo: canale installato verificato · Blu: scelta per il prossimo aggiornamento	Yellow: verified installed channel · Blue: choice for the next update
ReShade · non installato per questo eseguibile	ReShade · not installed for this executable
RenoDX · non installato	RenoDX · not installed
Stato letto dai file del gioco · attivazione in gioco da verificare	Status read from game files · verify activation in game
Attenzione: più loader ReShade presenti	Warning: multiple ReShade loaders detected
Installazione non eseguita: 	Installation not performed: 
ReShade · installato · 	ReShade · installed · 
Caricamento tramite OptiScaler: 	Loading through OptiScaler: 
Iniezione tramite OptiScaler · Giallo: installato / applicato · Blu: scelta da applicare	Injection through OptiScaler · Yellow: installed / applied · Blue: pending choice
Versione di OptiScaler	OptiScaler version
Qualità di elaborazione	Processing quality
Personalizza	Customize
Chi genera i fotogrammi?	Which component generates frames?
FG del gioco	Game frame generation
Disattiva OptiScaler FG	Disable OptiScaler FG
Disattiva FG OptiScaler	Disable OptiScaler FG
Moltiplicatore richiesto	Requested multiplier
Fluidità / Frame Generation	Smoothness / Frame Generation
DLL di caricamento	Loader DLL
Compatibilità e componenti	Compatibility and components
Installa OptiScaler	Install OptiScaler
Applica impostazioni	Apply settings
OptiScaler non installato	OptiScaler not installed
Pulisci Neural Rendering	Clean up Neural Rendering
Importa modello…	Import model
Pacchetto locale…	Local package
Pagina della build	Build page
Repository della build OptiScaler	OptiScaler build repository
Recupera operazione…	Recover operation
Diagnostica DLSS 5	DLSS 5 diagnostics
Cartella del gioco	Game folder
Verifica integrità Steam	Verify Steam files
Riparazione Xbox	Xbox repair
Seleziona GPU	Select GPU
Nessuna modifica applicata.	No changes applied.
Non installato	Not installed
Presente · versione non dichiarata	Present · version not declared
Presente · versione non leggibile	Present · version could not be read
File su disco · attivazione in gioco da verificare	Files on disk · verify activation in game
Lettura componenti non completata: 	Component scan incomplete: 
Neural Rendering · modello: 	Neural Rendering · model: 
Installazione e configurazione gestite da HDLSS.	Installation and configuration managed by HDLSS.
La build viene scaricata dal repository dell’autore durante l’installazione. Nessun download anticipato delle altre build.	The selected build is downloaded from its author's repository during installation. Other builds are not downloaded in advance.
Scaricamento dal repository della build selezionata.	Download from the selected build's repository.
Controlla le modifiche	Review changes
Conferma ripristino	Confirm restore
Ripristino completato	Restore completed
DLSS 5 configurato	DLSS 5 configured
DLSS 5 · operazione non completata	DLSS 5 · operation incomplete
Operazione non completata	Operation incomplete
Ho capito	OK
Annulla	Cancel
Errore	Error
Copia di recupero: 	Recovery copy: 
File previsti ripristinati o messi da parte. Per verificare gli originali del gioco usa il launcher del gioco.	The planned files have been restored or set aside. Use the game launcher to verify original game files.
File aggiornati e verificati. Avvia il gioco dal suo launcher e usa il menu OptiScaler per verificare Neural Rendering. La presenza dei file non certifica l’effetto attivo.	Files updated and verified. Start the game from its launcher and use the OptiScaler menu to check Neural Rendering. File presence does not confirm that the effect is active.
Attendi il completamento dell’operazione in corso.	Wait for the current operation to finish.
DLL DLSS 5 · versioni e ripristino	DLSS 5 DLLs · versions and restore
Neural Rendering · modello DLSS 5	Neural Rendering · DLSS 5 model
Carica ultime 10	Load latest 10
Installa versione scelta	Install selected version
Ultima da NVIDIA	Latest from NVIDIA
Importa DLL…	Import DLL
Ripristina solo questa DLL	Restore this DLL only
Carica varianti dal repository	Load repository variants
Installa modello scelto	Install selected model
Ripristina / rimuovi solo modello	Restore / remove model only
Ripristina DLL precedenti	Restore previous DLLs
Il download non modifica il gioco.	Downloading does not modify the game.
RenoDX · download da Nexus Mods	RenoDX · Nexus Mods download
Apri download Nexus	Open Nexus download
Cartella download…	Download folder
Scarica ora in: 	Download now to: 
Download Nexus assistito: conferma sul sito, poi attendi il rilevamento del pacchetto.	Assisted Nexus download: confirm on the website, then wait for the package to be detected.
Guida di HDLSS	HDLSS help
Menu e comandi principali tradotti. Guide, descrizioni tecniche e log restano in italiano. / Main controls translated; technical help and logs remain in Italian.	English is the default language for new users. Your saved language choice is preserved.
Dati portable: 	Portable data: 
Le scelte vengono salvate automaticamente. Conserva questa cartella quando aggiorni l’app.	Your choices are saved automatically. Keep this folder when updating the app.
Installazione avviata	Installation started
Ripristino avviato	Restore started
Controllo dei file e dei componenti	Checking files and components
Backup creato: puoi recuperare i file precedenti	Backup created: previous files can be recovered
File installati e verificati	Files installed and verified
Verifica dei componenti…	Checking components
Backup dei file originali…	Backing up original files
Operazione completata	Operation completed
Operazione interrotta · consulta il registro	Operation interrupted · check the log
Verifica percorsi, file correnti e hash delle sorgenti	Checking paths, current files and source hashes
Hash finali verificati · operazione completata	Final hashes verified · operation completed
Errore di scrittura · annullamento delle modifiche	Write error · rolling back changes
Modifiche annullate.	Changes rolled back.
Scrittura: 	Writing: 
Rimozione: 	Removing: 
Backup e copia di recupero creati: 	Backup and recovery copy created: 
ERRORE · 	ERROR · 
Preferenze recuperate dalla copia di sicurezza.	Preferences recovered from backup.
Preferenze salvate · overlay 	Preferences saved · overlay 
Tasto dell’overlay	Overlay shortcut
Premi un tasto	Press a key
Salva scorciatoia	Save shortcut
Cartella e configurazione	Folder and configuration
MONITOR E CONSIGLI	MONITOR AND RECOMMENDATIONS
Consigli del monitor	Monitor advice
REGOLAZIONI HDR	HDR SETTINGS
Formato HDR avanzato	Advanced HDR format
Luminanza base interfaccia · nit	Base interface luminance · nits
Moltiplicatore scena ACES · %	ACES scene multiplier · %
Compressione colori ACES	ACES color compression
Composizione UI HDR	HDR UI compositing
Strumenti e parametri motore	Engine tools and parameters
Aggiorna stato lettore	Refresh reader status
Vedi parametri del motore	View engine parameters
Installa lettore UE4SS	Install UE4SS reader
Riattiva lettore UE4SS	Re-enable UE4SS reader
Lettore già installato	Reader already installed
Disattiva lettore	Disable reader
Rileva di nuovo	Detect again
Scegli cartella impostazioni…	Choose settings folder
Monitor non rilevato	Monitor not detected
Inserisci il picco calibrato	Enter the calibrated peak brightness
Dati del display / calibrazione manuale	Display information / manual calibration
Valori iniziali del profilo monitor. Nessuna modifica applicata.	Initial monitor profile values. No changes applied.
Valori iniziali del monitor compilati. Verifica il picco e premi Applica per salvarli.	Initial monitor values filled in. Check the peak brightness and select Apply to save.
Profilo HDR salvato	HDR profile saved
File letti · HDR richiesto: 	Files read · HDR requested: 

Controlla file e percorsi	Check files and paths
File installati	Installed files
