# it	en	es	fr	de	pt
↻ Scansiona	↻ Scan	↻ Buscar	↻ Analyser	↻ Scannen	↻ Procurar
Tutti i giochi	All games	Todos los juegos	Tous les jeux	Alle Spiele	Todos os jogos
Profilo del display selezionato	Selected display profile	Perfil de pantalla seleccionado	Profil d’écran sélectionné	Gewähltes Displayprofil	Perfil de ecrã selecionado
ESEGUIBILE DEL GIOCO · dove verranno installati i componenti	GAME EXECUTABLE · component installation location	EJECUTABLE DEL JUEGO · ubicación de los componentes	EXÉCUTABLE DU JEU · emplacement des composants	SPIEL-EXE · Installationsort der Komponenten	EXECUTÁVEL DO JOGO · localização dos componentes
Eseguibile e grafica…	Executable and graphics	Ejecutable y gráficos…	Exécutable et graphismes…	EXE und Grafik…	Executável e gráficos…
Come vuoi attivare HDR?	How would you like to enable HDR?	¿Cómo quieres activar HDR?	Comment souhaitez-vous activer le HDR ?	Wie möchtest du HDR aktivieren?	Como queres ativar o HDR?
HDR del motore · UE5	Engine HDR · UE5	HDR del motor · UE5	HDR du moteur · UE5	Engine-HDR · UE5	HDR do motor · UE5
I parametri vengono salvati per il titolo selezionato.	Parameters are saved for the selected game.	Los parámetros se guardan para el juego seleccionado.	Les paramètres sont enregistrés pour le jeu sélectionné.	Parameter werden für das gewählte Spiel gespeichert.	Os parâmetros são guardados para o jogo selecionado.
Cartella e configurazione	Folder and configuration	Carpeta y configuración	Dossier et configuration	Ordner und Konfiguration	Pasta e configuração
Cartella gioco	Game folder	Carpeta del juego	Dossier du jeu	Spielordner	Pasta do jogo
CONFIGURAZIONE	CONFIGURATION	CONFIGURACIÓN	CONFIGURATION	KONFIGURATION	CONFIGURAÇÃO
Nessuna cartella selezionata	No folder selected	Ninguna carpeta seleccionada	Aucun dossier sélectionné	Kein Ordner ausgewählt	Nenhuma pasta selecionada
Scegli cartella impostazioni…	Choose settings folder…	Elegir carpeta de ajustes…	Choisir le dossier des paramètres…	Einstellungsordner wählen…	Escolher pasta de definições…
REGOLAZIONI HDR	HDR ADJUSTMENTS	AJUSTES HDR	RÉGLAGES HDR	HDR-EINSTELLUNGEN	AJUSTES HDR
Consiglio: scegli un monitor	Tip: select a monitor	Consejo: selecciona un monitor	Conseil : sélectionnez un moniteur	Tipp: Monitor auswählen	Sugestão: seleciona um monitor
Base Unreal: 15 nit · grigio 18%	Unreal default: 15 nits · 18% gray	Base de Unreal: 15 nits · gris al 18%	Valeur Unreal : 15 nits · gris à 18 %	Unreal-Standard: 15 Nits · 18 % Grau	Base do Unreal: 15 nits · cinzento a 18%
Base: 100%	Default: 100%	Base: 100%	Valeur par défaut : 100 %	Standard: 100 %	Base: 100%
Base Unreal · consigliato	Unreal default · recommended	Base de Unreal · recomendado	Valeur Unreal · recommandée	Unreal-Standard · empfohlen	Base do Unreal · recomendado
OLED · quasi zero	OLED · near zero	OLED · casi cero	OLED · proche de zéro	OLED · nahezu null	OLED · quase zero
Personalizzato · conserva valore attuale	Custom · keep current value	Personalizado · conservar valor actual	Personnalisé · conserver la valeur actuelle	Benutzerdefiniert · aktuellen Wert beibehalten	Personalizado · manter valor atual
Applica anche questi parametri	Apply these parameters too	Aplicar también estos parámetros	Appliquer aussi ces paramètres	Diese Parameter ebenfalls anwenden	Aplicar também estes parâmetros
Consiglio iniziale: conserva i valori del gioco. Quando deselezionato, i parametri esistenti restano invariati. Disponibilità ed effetto dipendono dalla versione Unreal e dal gioco.	Start by keeping the game’s values. When unchecked, existing parameters remain unchanged. Availability and effect depend on the Unreal version and the game.	Empieza conservando los valores del juego. Si no se marca, los parámetros existentes no cambian. La disponibilidad y el efecto dependen de la versión de Unreal y del juego.	Commencez par conserver les valeurs du jeu. Si cette option est décochée, les paramètres existants restent inchangés. La disponibilité et l’effet dépendent de la version d’Unreal et du jeu.	Behalte zunächst die Spielwerte bei. Ohne Häkchen bleiben vorhandene Parameter unverändert. Verfügbarkeit und Wirkung hängen von der Unreal-Version und dem Spiel ab.	Começa por manter os valores do jogo. Quando desmarcado, os parâmetros existentes não são alterados. A disponibilidade e o efeito dependem da versão do Unreal e do jogo.
Formato e spazio colore	Format and color space	Formato y espacio de color	Format et espace colorimétrique	Format und Farbraum	Formato e espaço de cor
scRGB · curva 1000 · Rec.709	scRGB · 1000 curve · Rec.709	scRGB · curva 1000 · Rec.709	scRGB · courbe 1000 · Rec.709	scRGB · 1000-Kurve · Rec.709	scRGB · curva 1000 · Rec.709
scRGB · curva 2000 · Rec.709	scRGB · 2000 curve · Rec.709	scRGB · curva 2000 · Rec.709	scRGB · courbe 2000 · Rec.709	scRGB · 2000-Kurve · Rec.709	scRGB · curva 2000 · Rec.709
HDR10 PQ · curva 1000 · Rec.2020	HDR10 PQ · 1000 curve · Rec.2020	HDR10 PQ · curva 1000 · Rec.2020	HDR10 PQ · courbe 1000 · Rec.2020	HDR10 PQ · 1000-Kurve · Rec.2020	HDR10 PQ · curva 1000 · Rec.2020
HDR10 PQ · curva 2000 · Rec.2020	HDR10 PQ · 2000 curve · Rec.2020	HDR10 PQ · curva 2000 · Rec.2020	HDR10 PQ · courbe 2000 · Rec.2020	HDR10 PQ · 2000-Kurve · Rec.2020	HDR10 PQ · curva 2000 · Rec.2020
Luminanza base interfaccia · nit	Base UI luminance · nits	Luminancia base de la interfaz · nits	Luminance de base de l’interface · nits	UI-Basisluminanz · Nits	Luminância base da interface · nits
Moltiplicatore scena ACES · %	ACES scene multiplier · %	Multiplicador de escena ACES · %	Multiplicateur de scène ACES · %	ACES-Szenenmultiplikator · %	Multiplicador de cena ACES · %
Compressione colori ACES	ACES color compression	Compresión de color ACES	Compression des couleurs ACES	ACES-Farbkompression	Compressão de cor ACES
Composizione UI HDR	HDR UI composition	Composición HDR de la interfaz	Composition HDR de l’interface	HDR-UI-Komposition	Composição HDR da interface
HDR Peak 1000 · nominale 1000 nit	HDR Peak 1000 · nominal 1000 nits	HDR Peak 1000 · nominal 1000 nits	HDR Peak 1000 · nominal 1000 nits	HDR Peak 1000 · nominell 1000 Nits	HDR Peak 1000 · nominal 1000 nits
HDR Peak 1000 · personalizzato 1060 nit	HDR Peak 1000 · custom 1060 nits	HDR Peak 1000 · personalizado 1060 nits	HDR Peak 1000 · personnalisé 1060 nits	HDR Peak 1000 · benutzerdefiniert 1060 Nits	HDR Peak 1000 · personalizado 1060 nits
HDR 400 True Black · nominale 400 nit	HDR 400 True Black · nominal 400 nits	HDR 400 True Black · nominal 400 nits	HDR 400 True Black · nominal 400 nits	HDR 400 True Black · nominell 400 Nits	HDR 400 True Black · nominal 400 nits
Dati del display / calibrazione manuale	Display data / manual calibration	Datos de pantalla / calibración manual	Données d’écran / étalonnage manuel	Displaydaten / manuelle Kalibrierung	Dados do ecrã / calibração manual
Consigli del monitor	Monitor advice	Recomendaciones del monitor	Conseils pour le moniteur	Monitor-Empfehlungen	Recomendações do monitor
MONITOR E CONSIGLI	MONITOR AND RECOMMENDATIONS	MONITOR Y RECOMENDACIONES	MONITEUR ET CONSEILS	MONITOR UND EMPFEHLUNGEN	MONITOR E RECOMENDAÇÕES
Rileva di nuovo	Detect again	Detectar de nuevo	Détecter à nouveau	Erneut erkennen	Detetar novamente
Strumenti e parametri motore	Engine tools and parameters	Herramientas y parámetros del motor	Outils et paramètres du moteur	Engine-Werkzeuge und Parameter	Ferramentas e parâmetros do motor
PARAMETRI MOTORE · OPZIONALE	ENGINE PARAMETERS · OPTIONAL	PARÁMETROS DEL MOTOR · OPCIONAL	PARAMÈTRES DU MOTEUR · FACULTATIF	ENGINE-PARAMETER · OPTIONAL	PARÂMETROS DO MOTOR · OPCIONAL
Opzionale: legge i parametri del motore, non la scena. L’analizzatore di luminanza usa Windows e non richiede UE4SS.	Optional: reads engine parameters, not scene luminance. The luminance analyzer uses Windows and does not require UE4SS.	Opcional: lee los parámetros del motor, no la luminancia de la escena. El analizador de luminancia usa Windows y no requiere UE4SS.	Facultatif : lit les paramètres du moteur, pas la luminance de la scène. L’analyseur de luminance utilise Windows et ne nécessite pas UE4SS.	Optional: Liest Engine-Parameter, nicht die Szenenluminanz. Die Luminanzanalyse nutzt Windows und benötigt kein UE4SS.	Opcional: lê os parâmetros do motor, não a luminância da cena. O analisador de luminância usa o Windows e não requer UE4SS.
Aggiorna stato lettore	Refresh reader status	Actualizar estado del lector	Actualiser l’état du lecteur	Leserstatus aktualisieren	Atualizar estado do leitor
Vedi parametri del motore	View engine parameters	Ver parámetros del motor	Afficher les paramètres du moteur	Engine-Parameter anzeigen	Ver parâmetros do motor
Installa / attiva lettore UE4SS	Install / enable UE4SS reader	Instalar / activar lector UE4SS	Installer / activer le lecteur UE4SS	UE4SS-Leser installieren / aktivieren	Instalar / ativar leitor UE4SS
Installa UE4SS + lettore	Install UE4SS + reader	Instalar UE4SS + lector	Installer UE4SS + lecteur	UE4SS + Leser installieren	Instalar UE4SS + leitor
Installa / attiva lettore	Install / enable reader	Instalar / activar lector	Installer / activer le lecteur	Leser installieren / aktivieren	Instalar / ativar leitor
Disattiva lettore	Disable reader	Desactivar lector	Désactiver le lecteur	Leser deaktivieren	Desativar leitor
Sola lettura ripristinata dopo il salvataggio.	Read-only status restored after saving.	Se restaura el estado de solo lectura después de guardar.	L’attribut de lecture seule est rétabli après l’enregistrement.	Schreibschutz nach dem Speichern wiederhergestellt.	Estado só de leitura restaurado após guardar.
La verifica dei file non misura l’HDR in gioco.	File verification does not measure in-game HDR.	La verificación de archivos no mide el HDR del juego.	La vérification des fichiers ne mesure pas le HDR en jeu.	Die Dateiprüfung misst kein HDR im Spiel.	A verificação dos ficheiros não mede o HDR no jogo.
Stato lettore non verificabile: {0}	Reader status could not be checked: {0}	No se pudo comprobar el estado del lector: {0}	Impossible de vérifier l’état du lecteur : {0}	Leserstatus konnte nicht geprüft werden: {0}	Não foi possível verificar o estado do leitor: {0}
Rilevate due installazioni UE4SS. Risolvi l’installazione duplicata prima di aggiungere il lettore.	Two UE4SS runtimes detected. Resolve the duplicate installation before adding the reader.	Se detectaron dos instalaciones de UE4SS. Resuelve la instalación duplicada antes de añadir el lector.	Deux installations UE4SS ont été détectées. Résolvez le doublon avant d’ajouter le lecteur.	Zwei UE4SS-Installationen erkannt. Behebe die doppelte Installation, bevor du den Leser hinzufügst.	Foram detetadas duas instalações do UE4SS. Resolve a instalação duplicada antes de adicionar o leitor.
UE4SS presente	UE4SS detected	UE4SS detectado	UE4SS détecté	UE4SS erkannt	UE4SS detetado
UE4SS non rilevato	UE4SS not detected	UE4SS no detectado	UE4SS non détecté	UE4SS nicht erkannt	UE4SS não detetado
Lettore HDLSS già installato (HDRPilotTelemetry)	HDLSS reader already installed (HDRPilotTelemetry)	Lector HDLSS ya instalado (HDRPilotTelemetry)	Lecteur HDLSS déjà installé (HDRPilotTelemetry)	HDLSS-Leser bereits installiert (HDRPilotTelemetry)	Leitor HDLSS já instalado (HDRPilotTelemetry)
Lettore HDLSS non installato	HDLSS reader not installed	Lector HDLSS no instalado	Lecteur HDLSS non installé	HDLSS-Leser nicht installiert	Leitor HDLSS não instalado
Voce presente in mods.txt: controlla anche questa abilitazione.	Entry found in mods.txt: also check whether it is enabled there.	Entrada encontrada en mods.txt: comprueba también si está activada allí.	Entrée trouvée dans mods.txt : vérifiez aussi son activation dans ce fichier.	Eintrag in mods.txt gefunden: Prüfe auch dort die Aktivierung.	Entrada encontrada em mods.txt: verifica também se está ativada nesse ficheiro.
Abilitazione configurata con enabled.txt	Enabled through enabled.txt	Activado mediante enabled.txt	Activé via enabled.txt	Über enabled.txt aktiviert	Ativado através de enabled.txt
Nessun file enabled.txt presente	No enabled.txt file found	No se encontró enabled.txt	Aucun fichier enabled.txt trouvé	Keine Datei enabled.txt gefunden	Nenhum ficheiro enabled.txt encontrado
Dati recenti ricevuti dal lettore	Recent data received from the reader	Datos recientes recibidos del lector	Données récentes reçues du lecteur	Aktuelle Daten vom Leser empfangen	Dados recentes recebidos do leitor
Nessun dato recente ricevuto	No recent data received	No se han recibido datos recientes	Aucune donnée récente reçue	Keine aktuellen Daten empfangen	Nenhum dado recente recebido
Ultimo file di lettura: {0}	Last reader file: {0}	Último archivo del lector: {0}	Dernier fichier du lecteur : {0}	Letzte Leserdatei: {0}	Último ficheiro do leitor: {0}
Seleziona un gioco per verificare il lettore.	Select a game to check the reader.	Selecciona un juego para comprobar el lector.	Sélectionnez un jeu pour vérifier le lecteur.	Wähle ein Spiel, um den Leser zu prüfen.	Seleciona um jogo para verificar o leitor.
Seleziona un gioco e un target.exe valido.	Select a game and a valid target executable.	Selecciona un juego y un ejecutable de destino válido.	Sélectionnez un jeu et un exécutable cible valide.	Wähle ein Spiel und eine gültige Ziel-EXE.	Seleciona um jogo e um executável de destino válido.
File letti · HDR richiesto: {0}. I campi assenti usano il profilo iniziale; eventuali decimali sono arrotondati nel pannello.	Files read · HDR requested: {0}. Missing fields use the initial profile; decimal values are rounded in this panel.	Archivos leídos · HDR solicitado: {0}. Los campos ausentes usan el perfil inicial; los decimales se redondean en este panel.	Fichiers lus · HDR demandé : {0}. Les champs absents utilisent le profil initial ; les décimales sont arrondies dans ce panneau.	Dateien gelesen · HDR angefordert: {0}. Fehlende Felder verwenden das Ausgangsprofil; Dezimalwerte werden in diesem Bereich gerundet.	Ficheiros lidos · HDR solicitado: {0}. Os campos em falta usam o perfil inicial; os valores decimais são arredondados neste painel.
non impostato	not set	no establecido	non défini	nicht festgelegt	não definido
Valori iniziali, non una calibrazione misurata.	Initial values, not a measured calibration.	Valores iniciales, no una calibración medida.	Valeurs initiales, pas un étalonnage mesuré.	Ausgangswerte, keine gemessene Kalibrierung.	Valores iniciais, não uma calibração medida.
Profilo selezionato: {0} nit	Selected profile: {0} nits	Perfil seleccionado: {0} nits	Profil sélectionné : {0} nits	Gewähltes Profil: {0} Nits	Perfil selecionado: {0} nits
Monitor non rilevato	Monitor not detected	Monitor no detectado	Moniteur non détecté	Monitor nicht erkannt	Monitor não detetado
Inserisci il picco calibrato	Enter the calibrated peak	Introduce el pico calibrado	Saisissez le pic étalonné	Kalibrierten Spitzenwert eingeben	Introduz o pico calibrado
Dati non disponibili. Inserisci manualmente il picco calibrato del tuo display.	Data unavailable. Manually enter your display’s calibrated peak.	Datos no disponibles. Introduce manualmente el pico calibrado de tu pantalla.	Données indisponibles. Saisissez manuellement le pic étalonné de votre écran.	Keine Daten verfügbar. Gib den kalibrierten Spitzenwert deines Displays manuell ein.	Dados indisponíveis. Introduz manualmente o pico calibrado do teu ecrã.
Modello riconosciuto. Picco dichiarato EDID: {0} nit. Scegli la stessa modalità nel menu del monitor: l’app non può leggerla o cambiarla. 1060 è un profilo personalizzato. Base: mezzitoni 15 nit, UI 100%, nero Unreal. Premi Consigliati per compilare i campi.	Model recognized. EDID-reported peak: {0} nits. Select the same mode in the monitor menu: the app cannot read or change it. 1060 is a custom profile. Defaults: midtones 15 nits, UI 100%, Unreal black level. Click Recommended to fill the fields.	Modelo reconocido. Pico indicado por EDID: {0} nits. Selecciona el mismo modo en el menú del monitor: la app no puede leerlo ni cambiarlo. 1060 es un perfil personalizado. Valores iniciales: tonos medios 15 nits, interfaz 100%, negro de Unreal. Pulsa Recomendados para completar los campos.	Modèle reconnu. Pic déclaré par l’EDID : {0} nits. Sélectionnez le même mode dans le menu du moniteur : l’application ne peut ni le lire ni le modifier. 1060 est un profil personnalisé. Valeurs initiales : tons moyens 15 nits, interface 100 %, noir Unreal. Cliquez sur Recommandés pour remplir les champs.	Modell erkannt. Laut EDID gemeldeter Spitzenwert: {0} Nits. Wähle denselben Modus im Monitormenü: Die App kann ihn weder auslesen noch ändern. 1060 ist ein benutzerdefiniertes Profil. Standardwerte: Mitteltöne 15 Nits, UI 100 %, Unreal-Schwarzwert. Klicke auf Empfohlen, um die Felder auszufüllen.	Modelo reconhecido. Pico indicado pelo EDID: {0} nits. Seleciona o mesmo modo no menu do monitor: a aplicação não o pode ler nem alterar. 1060 é um perfil personalizado. Valores iniciais: tons médios 15 nits, interface 100%, preto do Unreal. Clica em Recomendados para preencher os campos.
Picco dichiarato nell’EDID: {0} nit. Punto di partenza, non misura né lettura della calibrazione Windows. Base motore: 15 nit, UI 100%, nero Unreal. Verifica HDR in Windows e il picco calibrato; Consigliati compila i campi.	EDID-reported peak: {0} nits. A starting point, not a measurement or a reading of Windows calibration. Engine defaults: 15 nits, UI 100%, Unreal black level. Check Windows HDR and the calibrated peak; Recommended fills the fields.	Pico indicado por EDID: {0} nits. Es un punto de partida, no una medida ni una lectura de la calibración de Windows. Valores del motor: 15 nits, interfaz 100%, negro de Unreal. Comprueba HDR en Windows y el pico calibrado; Recomendados completa los campos.	Pic déclaré par l’EDID : {0} nits. Point de départ, pas une mesure ni une lecture de l’étalonnage Windows. Valeurs moteur : 15 nits, interface 100 %, noir Unreal. Vérifiez le HDR de Windows et le pic étalonné ; Recommandés remplit les champs.	Laut EDID gemeldeter Spitzenwert: {0} Nits. Ein Ausgangspunkt, keine Messung oder Auslesung der Windows-Kalibrierung. Engine-Standardwerte: 15 Nits, UI 100 %, Unreal-Schwarzwert. Prüfe Windows-HDR und den kalibrierten Spitzenwert; Empfohlen füllt die Felder aus.	Pico indicado pelo EDID: {0} nits. É um ponto de partida, não uma medição nem uma leitura da calibração do Windows. Valores do motor: 15 nits, interface 100%, preto do Unreal. Verifica o HDR do Windows e o pico calibrado; Recomendados preenche os campos.
Modello identificato; dati HDR o picco non disponibili. Nessun picco consigliato inventato: usa la calibrazione del display. Base motore: mezzitoni 15 nit, UI 100%, nero Unreal.	Model identified; HDR data or peak unavailable. No peak is assumed: use the display calibration. Engine defaults: midtones 15 nits, UI 100%, Unreal black level.	Modelo identificado; datos HDR o pico no disponibles. No se supone ningún pico: usa la calibración de la pantalla. Valores del motor: tonos medios 15 nits, interfaz 100%, negro de Unreal.	Modèle identifié ; données HDR ou pic indisponibles. Aucun pic n’est supposé : utilisez l’étalonnage de l’écran. Valeurs moteur : tons moyens 15 nits, interface 100 %, noir Unreal.	Modell erkannt; HDR-Daten oder Spitzenwert nicht verfügbar. Kein Spitzenwert wird angenommen: Nutze die Displaykalibrierung. Engine-Standardwerte: Mitteltöne 15 Nits, UI 100 %, Unreal-Schwarzwert.	Modelo identificado; dados HDR ou pico indisponíveis. Não é assumido nenhum pico: usa a calibração do ecrã. Valores do motor: tons médios 15 nits, interface 100%, preto do Unreal.
# MFG update
Installa MFG Unlock	Install MFG Unlock	Instalar MFG Unlock	Installer MFG Unlock	MFG Unlock installieren	Instalar MFG Unlock
Aggiorna MFG Unlock	Update MFG Unlock	Actualizar MFG Unlock	Mettre à jour MFG Unlock	MFG Unlock aktualisieren	Atualizar MFG Unlock
Ripristina MFG Unlock	Restore MFG Unlock	Restaurar MFG Unlock	Restaurer MFG Unlock	MFG Unlock wiederherstellen	Restaurar MFG Unlock
MFG Unlock · compatibilità	MFG Unlock · compatibility	MFG Unlock · compatibilidad	MFG Unlock · compatibilité	MFG Unlock · Kompatibilität	MFG Unlock · compatibilidade
Installa UE4SS per le mod	Install UE4SS for mods	Instalar UE4SS para mods	Installer UE4SS pour les mods	UE4SS für Mods installieren	Instalar UE4SS para mods
MFG Unlock · non installato	MFG Unlock · not installed	MFG Unlock · no instalado	MFG Unlock · non installé	MFG Unlock · nicht installiert	MFG Unlock · não instalado
MFG Unlock · file non valido	MFG Unlock · invalid file	MFG Unlock · archivo no válido	MFG Unlock · fichier invalide	MFG Unlock · ungültige Datei	MFG Unlock · ficheiro inválido
File installati; verifica l’attivazione in gioco.	Installed files; verify activation in game.	Archivos instalados; comprueba la activación en el juego.	Fichiers installés ; vérifiez l’activation dans le jeu.	Dateien installiert; Aktivierung im Spiel prüfen.	Ficheiros instalados; verifica a ativação no jogo.
Installazione esterna; versione non verificata.	External installation; version not verified.	Instalación externa; versión no verificada.	Installation externe ; version non vérifiée.	Externe Installation; Version nicht verifiziert.	Instalação externa; versão não verificada.
Controllo l’ultima release stabile di MFG Unlock…	Checking the latest stable MFG Unlock release…	Comprobando la última versión estable de MFG Unlock…	Recherche de la dernière version stable de MFG Unlock…	Neueste stabile MFG-Unlock-Version wird geprüft…	A verificar a versão estável mais recente do MFG Unlock…
Installa prima un solo loader ReShade con supporto completo agli add-on.	Install one ReShade loader with full add-on support first.	Instala primero un único cargador ReShade con soporte completo de complementos.	Installez d’abord un seul chargeur ReShade avec prise en charge complète des add-ons.	Zuerst einen ReShade-Loader mit vollständiger Add-on-Unterstützung installieren.	Instala primeiro um único carregador ReShade com suporte completo de add-ons.
Ripristina MFG Unlock prima di rimuovere ReShade.	Restore MFG Unlock before removing ReShade.	Restaura MFG Unlock antes de eliminar ReShade.	Restaurez MFG Unlock avant de supprimer ReShade.	MFG Unlock vor dem Entfernen von ReShade wiederherstellen.	Restaura MFG Unlock antes de remover ReShade.
MFG Unlock · RTX 2000 / 3000 / 4000. Richiede DLSS FG nativa.	MFG Unlock · RTX 2000 / 3000 / 4000. Native DLSS FG required.	MFG Unlock · RTX 2000 / 3000 / 4000. Requiere DLSS FG nativa.	MFG Unlock · RTX 2000 / 3000 / 4000. DLSS FG natif requis.	MFG Unlock · RTX 2000 / 3000 / 4000. Natives DLSS FG erforderlich.	MFG Unlock · RTX 2000 / 3000 / 4000. Requer DLSS FG nativa.
HDR · Multi Frame Generation · Mod	HDR · Multi Frame Generation · Mods	HDR · Multi Frame Generation · Mods	HDR · Multi Frame Generation · Mods	HDR · Multi Frame Generation · Mods	HDR · Multi Frame Generation · Mods
I file NVIDIA / Streamline e le impostazioni HDR esistenti vengono conservati.	NVIDIA / Streamline files and existing HDR settings are preserved.	Se conservan los archivos NVIDIA / Streamline y los ajustes HDR existentes.	Les fichiers NVIDIA / Streamline et les réglages HDR existants sont conservés.	NVIDIA-/Streamline-Dateien und vorhandene HDR-Einstellungen bleiben erhalten.	Os ficheiros NVIDIA / Streamline e as definições HDR existentes são preservados.
Ripristina MFG Unlock. Conserva le impostazioni ReShade successive e gli altri add-on.	Restore MFG Unlock. Later ReShade settings and other add-ons are preserved.	Restaura MFG Unlock. Se conservan los ajustes posteriores de ReShade y los demás complementos.	Restaurez MFG Unlock. Les réglages ReShade ultérieurs et les autres add-ons sont conservés.	MFG Unlock wiederherstellen. Spätere ReShade-Einstellungen und andere Add-ons bleiben erhalten.	Restaura MFG Unlock. As definições posteriores do ReShade e outros add-ons são preservados.
RTX 2000 / 3000 / 4000. Richiede ReShade con supporto completo agli add-on e DLSS Frame Generation nativa nel gioco. Attiva FG e scegli il moltiplicatore nel gioco oppure in ReShade > MFG Unlock. La compatibilità dipende dal gioco, dal driver e dalle versioni DLSS-G / Streamline.	RTX 2000 / 3000 / 4000. Requires ReShade with full add-on support and native DLSS Frame Generation in the game. Enable FG and choose the multiplier in the game or in ReShade > MFG Unlock. Compatibility depends on the game, driver and DLSS-G / Streamline versions.	RTX 2000 / 3000 / 4000. Requiere ReShade con soporte completo de complementos y DLSS Frame Generation nativa en el juego. Activa FG y elige el multiplicador en el juego o en ReShade > MFG Unlock. La compatibilidad depende del juego, el controlador y las versiones de DLSS-G / Streamline.	RTX 2000 / 3000 / 4000. Nécessite ReShade avec prise en charge complète des add-ons et DLSS Frame Generation natif dans le jeu. Activez FG et choisissez le multiplicateur dans le jeu ou dans ReShade > MFG Unlock. La compatibilité dépend du jeu, du pilote et des versions de DLSS-G / Streamline.	RTX 2000 / 3000 / 4000. Erfordert ReShade mit vollständiger Add-on-Unterstützung und natives DLSS Frame Generation im Spiel. FG aktivieren und den Multiplikator im Spiel oder unter ReShade > MFG Unlock wählen. Die Kompatibilität hängt vom Spiel, Treiber und den DLSS-G-/Streamline-Versionen ab.	RTX 2000 / 3000 / 4000. Requer ReShade com suporte completo de add-ons e DLSS Frame Generation nativa no jogo. Ativa FG e escolhe o multiplicador no jogo ou em ReShade > MFG Unlock. A compatibilidade depende do jogo, do controlador e das versões DLSS-G / Streamline.
Installazione e aggiornamenti	Installation and updates	Instalación y actualizaciones	Installation et mises à jour	Installation und Updates	Instalação e atualizações
Requisiti dei runtime	Runtime requirements	Requisitos de los runtimes	Prérequis des runtimes	Runtime-Anforderungen	Requisitos dos runtimes
HDR UE5 e overlay HDLSS	UE5 HDR and HDLSS overlay	HDR UE5 y overlay HDLSS	HDR UE5 et overlay HDLSS	UE5-HDR und HDLSS-Overlay	HDR UE5 e overlay HDLSS
Componenti separati	Separate components	Componentes separados	Composants séparés	Getrennte Komponenten	Componentes separados
Backup e aggiornamenti	Backups and updates	Copias de seguridad y actualizaciones	Sauvegardes et mises à jour	Backups und Updates	Cópias de segurança e atualizações
Scegli un gioco e apri HDR / MFG. Installa ReShade, poi la mod HDR RenoDX adatta oppure MFG Unlock. Chiudi il gioco prima di applicare le modifiche e verifica l’add-on nel menu ReShade dopo l’avvio.	Choose a game and open HDR / MFG. Install ReShade, then the matching RenoDX HDR mod or MFG Unlock. Close the game before applying changes and verify the add-on in the ReShade menu after launch.	Elige un juego y abre HDR / MFG. Instala ReShade y después la mod HDR RenoDX correspondiente o MFG Unlock. Cierra el juego antes de aplicar cambios y verifica el complemento en el menú ReShade tras iniciarlo.	Choisissez un jeu et ouvrez HDR / MFG. Installez ReShade, puis le mod HDR RenoDX adapté ou MFG Unlock. Fermez le jeu avant d’appliquer les modifications et vérifiez l’add-on dans le menu ReShade après le lancement.	Ein Spiel wählen und HDR / MFG öffnen. ReShade und danach die passende RenoDX-HDR-Mod oder MFG Unlock installieren. Vor Änderungen das Spiel schließen und nach dem Start das Add-on im ReShade-Menü prüfen.	Escolhe um jogo e abre HDR / MFG. Instala ReShade e depois a mod HDR RenoDX adequada ou MFG Unlock. Fecha o jogo antes de aplicar alterações e verifica o add-on no menu ReShade após iniciar.
L’editor HDR UE5, il lettore del motore e l’overlay di luminanza HDLSS sono stati rimossi. INI, mod e backup esistenti vengono conservati. L’HDR si configura tramite ReShade e una mod compatibile; segui l’autore se occorre abilitare manualmente l’HDR del motore.	The UE5 HDR editor, engine reader and HDLSS luminance overlay have been removed. Existing game INIs, mods and backups are preserved. HDR is configured through ReShade and a compatible mod; follow its author if engine HDR must be enabled manually.	Se han eliminado el editor HDR UE5, el lector del motor y el overlay de luminancia HDLSS. Se conservan los INI, mods y copias existentes. HDR se configura mediante ReShade y una mod compatible; sigue al autor si hay que activar manualmente HDR del motor.	L’éditeur HDR UE5, le lecteur du moteur et l’overlay de luminance HDLSS ont été supprimés. Les INI, mods et sauvegardes existants sont conservés. HDR se configure via ReShade et un mod compatible ; suivez les consignes de l’auteur si HDR du moteur doit être activé manuellement.	UE5-HDR-Editor, Engine-Leser und HDLSS-Luminanz-Overlay wurden entfernt. Vorhandene INIs, Mods und Backups bleiben erhalten. HDR wird über ReShade und eine kompatible Mod eingestellt; muss Engine-HDR manuell aktiviert werden, gelten die Anweisungen des Mod-Autors.	O editor HDR UE5, o leitor do motor e o overlay de luminância HDLSS foram removidos. Os INI, mods e backups existentes são preservados. HDR é configurado através do ReShade e de uma mod compatível; segue o autor se for necessário ativar manualmente HDR do motor.
Installa MFG Unlock controlla l’ultima release stabile di nefh/MFGAmpereUnlock-RenoDx, verifica SHA256 e configura il caricamento anticipato in ReShade.ini. Conserva gli altri add-on e le loro impostazioni. Aggiorna MFG Unlock controlla di nuovo online; se la verifica fallisce non installa un vecchio pacchetto in cache.	Install MFG Unlock checks the latest stable release from nefh/MFGAmpereUnlock-RenoDx, verifies its SHA256 and configures early loading in ReShade.ini. Other add-ons and their settings are preserved. Update MFG Unlock checks online again; a failed check never installs an old cached package.	Instalar MFG Unlock consulta la última versión estable de nefh/MFGAmpereUnlock-RenoDx, verifica SHA256 y configura la carga anticipada en ReShade.ini. Conserva los demás complementos y ajustes. Actualizar MFG Unlock consulta de nuevo; si falla no instala paquetes antiguos en caché.	Installer MFG Unlock recherche la dernière version stable de nefh/MFGAmpereUnlock-RenoDx, vérifie SHA256 et configure le chargement anticipé dans ReShade.ini. Les autres add-ons et réglages sont conservés. Mettre à jour MFG Unlock vérifie à nouveau en ligne ; un échec n’installe jamais un ancien paquet en cache.	MFG Unlock installieren prüft die neueste stabile Version von nefh/MFGAmpereUnlock-RenoDx, verifiziert SHA256 und richtet frühes Laden in ReShade.ini ein. Andere Add-ons und Einstellungen bleiben erhalten. MFG Unlock aktualisieren prüft erneut online; bei Fehlern wird kein altes Cache-Paket installiert.	Instalar MFG Unlock consulta a versão estável mais recente de nefh/MFGAmpereUnlock-RenoDx, verifica SHA256 e configura o carregamento antecipado em ReShade.ini. Preserva outros add-ons e definições. Atualizar MFG Unlock verifica novamente online; uma falha nunca instala um pacote antigo em cache.
L’autore indica attualmente DLSS-G 310.9.1 per tutte le funzionalità. Dynamic MFG richiede un percorso Direct3D 12 / Streamline 2.14.1 verificato e driver 595.41 o successivo. Non sostituire Streamline 1.x con 2.x. HDLSS conserva i file NVIDIA e Streamline; consulta la compatibilità MFG Unlock per il gioco scelto.	The author currently specifies DLSS-G 310.9.1 for the full feature set. Dynamic MFG requires a qualified Direct3D 12 / Streamline 2.14.1 path and driver 595.41 or newer. Do not replace legacy Streamline 1.x with 2.x. HDLSS leaves NVIDIA and Streamline files intact; consult MFG Unlock compatibility for the selected game.	El autor indica DLSS-G 310.9.1 para todas las funciones. Dynamic MFG requiere una ruta Direct3D 12 / Streamline 2.14.1 validada y controlador 595.41 o posterior. No sustituyas Streamline 1.x por 2.x. HDLSS conserva los archivos NVIDIA y Streamline; consulta la compatibilidad MFG Unlock del juego.	L’auteur indique actuellement DLSS-G 310.9.1 pour toutes les fonctions. Dynamic MFG nécessite un chemin Direct3D 12 / Streamline 2.14.1 validé et le pilote 595.41 ou ultérieur. Ne remplacez pas Streamline 1.x par 2.x. HDLSS conserve les fichiers NVIDIA et Streamline ; consultez la compatibilité MFG Unlock du jeu.	Der Autor nennt derzeit DLSS-G 310.9.1 für den vollen Funktionsumfang. Dynamic MFG erfordert einen geprüften Direct3D-12-/Streamline-2.14.1-Pfad und Treiber 595.41 oder neuer. Streamline 1.x nicht durch 2.x ersetzen. HDLSS lässt NVIDIA- und Streamline-Dateien unverändert; die MFG-Unlock-Kompatibilität des Spiels prüfen.	O autor indica DLSS-G 310.9.1 para todas as funcionalidades. Dynamic MFG requer um percurso Direct3D 12 / Streamline 2.14.1 validado e controlador 595.41 ou mais recente. Não substituas Streamline 1.x por 2.x. HDLSS preserva os ficheiros NVIDIA e Streamline; consulta a compatibilidade MFG Unlock do jogo.
Ripristina MFG Unlock ripristina il precedente file dell’add-on e rimuove solo la voce di caricamento anticipato aggiunta. Mantiene le impostazioni ReShade successive. Ripristina MFG prima di rimuovere ReShade. Conserva data: backup mancanti o modificati fermano il ripristino.	Restore MFG Unlock restores its previous add-on file and removes only its added early-load entry. Later ReShade settings are retained. Restore MFG before removing ReShade. Keep the data folder: missing or changed backups stop restoration.	Restaurar MFG Unlock recupera el archivo anterior y elimina solo su entrada de carga anticipada añadida. Conserva los ajustes posteriores de ReShade. Restaura MFG antes de eliminar ReShade. Conserva data: las copias ausentes o modificadas detienen la restauración.	Restaurer MFG Unlock rétablit l’ancien fichier et retire uniquement son entrée de chargement anticipé ajoutée. Les réglages ReShade ultérieurs sont conservés. Restaurez MFG avant de supprimer ReShade. Conservez data : des sauvegardes absentes ou modifiées bloquent la restauration.	MFG Unlock wiederherstellen stellt die vorherige Add-on-Datei wieder her und entfernt nur den hinzugefügten Frühstart-Eintrag. Spätere ReShade-Einstellungen bleiben erhalten. MFG vor ReShade wiederherstellen. Den data-Ordner behalten: fehlende oder veränderte Backups stoppen die Wiederherstellung.	Restaurar MFG Unlock repõe o ficheiro anterior e remove apenas a entrada adicionada de carregamento antecipado. Mantém as definições posteriores do ReShade. Restaura MFG antes de remover ReShade. Conserva data: backups ausentes ou alterados impedem o restauro.
ReShade stabile usa l’ultimo pacchetto ufficiale full add-on; nightly usa l’ultima build di sviluppo riuscita. RenoDX viene associata tramite il catalogo attuale e controlla le pubblicazioni recenti. Pacchetti non supportati o ambigui fermano l’installazione. Le importazioni locali usano il file scelto e non ne certificano l’ultima versione.	Stable ReShade uses the latest official full add-on package; nightly uses the latest successful development build. RenoDX is matched against the current game catalog and checks recent published assets. Unsupported or ambiguous packages stop the installation. Local imports use the file you select and cannot certify that it is the latest release.	ReShade estable usa el último paquete oficial full add-on; nightly usa la última compilación de desarrollo correcta. RenoDX consulta el catálogo actual y las publicaciones recientes. Los paquetes no compatibles o ambiguos detienen la instalación. Las importaciones locales no certifican la última versión.	ReShade stable utilise le dernier paquet officiel full add-on ; nightly utilise la dernière compilation de développement réussie. RenoDX consulte le catalogue actuel et les publications récentes. Les paquets incompatibles ou ambigus bloquent l’installation. Une importation locale ne certifie pas la dernière version.	ReShade stable nutzt das neueste offizielle Full-Add-on-Paket; nightly den letzten erfolgreichen Entwicklungsbuild. RenoDX nutzt den aktuellen Spielekatalog und prüft neuere Veröffentlichungen. Nicht unterstützte oder mehrdeutige Pakete stoppen die Installation. Lokale Importe bestätigen keine aktuelle Version.	ReShade estável usa o pacote oficial full add-on mais recente; nightly usa a última compilação de desenvolvimento bem-sucedida. RenoDX consulta o catálogo atual e publicações recentes. Pacotes incompatíveis ou ambíguos impedem a instalação. Importações locais não certificam a versão mais recente.
MFG Unlock è separato da RenoDX HDR e dalla Frame Generation di OptiScaler. File installati non significa attivazione confermata. Controlla il log ReShade e il pannello MFG Unlock nel gioco avviato. MFG Unlock non aggiunge DLSS FG nativa ai giochi che ne sono privi.	MFG Unlock is separate from HDR RenoDX and OptiScaler Frame Generation. Installed files are not proof of activation. Check the ReShade log and the MFG Unlock panel in the running game. MFG Unlock does not add native DLSS FG to a game that lacks it.	MFG Unlock es independiente de RenoDX HDR y Frame Generation de OptiScaler. Archivos instalados no prueban la activación. Comprueba el registro ReShade y el panel MFG Unlock dentro del juego. MFG Unlock no añade DLSS FG nativa a juegos que carecen de ella.	MFG Unlock est distinct de RenoDX HDR et Frame Generation d’OptiScaler. Des fichiers installés ne prouvent pas l’activation. Vérifiez le journal ReShade et le panneau MFG Unlock dans le jeu. MFG Unlock n’ajoute pas DLSS FG natif aux jeux qui en sont dépourvus.	MFG Unlock ist von RenoDX HDR und OptiScaler Frame Generation getrennt. Installierte Dateien beweisen keine Aktivierung. ReShade-Log und MFG-Unlock-Panel im laufenden Spiel prüfen. MFG Unlock fügt fehlendes natives DLSS FG nicht hinzu.	MFG Unlock é independente de RenoDX HDR e Frame Generation do OptiScaler. Ficheiros instalados não provam ativação. Verifica o registo ReShade e o painel MFG Unlock no jogo. MFG Unlock não adiciona DLSS FG nativa a jogos que não a têm.
Installa UE4SS per le mod scarica l’ultimo runtime stabile ufficiale per un gioco Unreal supportato, senza il lettore di telemetria HDLSS. UE4SS e mod esistenti vengono conservati. Controlla la compatibilità con gioco e mod prima di cambiare runtime.	Install UE4SS for mods downloads the latest official stable runtime for a supported Unreal game, without the HDLSS telemetry reader. Existing UE4SS and mods are preserved. Check compatibility with the game and its mods before changing a runtime.	Instalar UE4SS para mods descarga el último runtime estable oficial para un juego Unreal compatible, sin lector de telemetría HDLSS. Se conservan UE4SS y mods existentes. Comprueba su compatibilidad antes de cambiar el runtime.	Installer UE4SS pour les mods télécharge le dernier runtime stable officiel pour un jeu Unreal compatible, sans lecteur de télémétrie HDLSS. UE4SS et les mods existants sont conservés. Vérifiez leur compatibilité avant de changer le runtime.	UE4SS für Mods installieren lädt die neueste offizielle stabile Runtime für ein unterstütztes Unreal-Spiel, ohne HDLSS-Telemetrieleser. Vorhandenes UE4SS und Mods bleiben erhalten. Vor einem Runtime-Wechsel die Kompatibilität mit Spiel und Mods prüfen.	Instalar UE4SS para mods descarrega o runtime estável oficial mais recente para um jogo Unreal compatível, sem leitor de telemetria HDLSS. UE4SS e mods existentes são preservados. Verifica a compatibilidade antes de alterar o runtime.
Conserva la cartella data portable quando sostituisci l’eseguibile. Preferenze, lingua e backup vengono riutilizzati. Ogni installazione controlla online i download; nessun aggiornamento viene applicato di nascosto all’avvio del gioco. Controlla il piano, applica con backup e prova in gioco. Le verifiche dei file non certificano tutti i giochi e tutte le GPU.	Keep the portable data folder when replacing the executable. Preferences, language and backups are reused. Downloads are checked online for each installation; no update is silently applied at game launch. Review the file plan, apply with backup, then test in game. Neither every game nor every GPU combination can be certified by file checks.	Conserva la carpeta data portable al sustituir el ejecutable. Se reutilizan preferencias, idioma y copias. Cada instalación consulta las descargas online; no se actualiza silenciosamente al iniciar el juego. Revisa el plan, aplica con copia y prueba en el juego. Las comprobaciones de archivos no certifican todos los juegos ni GPU.	Conservez le dossier data portable en remplaçant l’exécutable. Préférences, langue et sauvegardes sont réutilisées. Chaque installation vérifie les téléchargements en ligne ; aucune mise à jour silencieuse au lancement du jeu. Vérifiez le plan, appliquez avec sauvegarde puis testez en jeu. Les contrôles de fichiers ne certifient pas tous les jeux et GPU.	Beim Ersetzen der EXE den portablen data-Ordner behalten. Einstellungen, Sprache und Backups werden weiterverwendet. Downloads werden bei jeder Installation online geprüft; beim Spielstart erfolgen keine stillen Updates. Dateiplan prüfen, mit Backup anwenden und im Spiel testen. Dateiprüfungen zertifizieren nicht jede Spiel-/GPU-Kombination.	Conserva a pasta data portable ao substituir o executável. Preferências, idioma e backups são reutilizados. Cada instalação verifica os downloads online; não há atualizações silenciosas ao iniciar o jogo. Revê o plano, aplica com backup e testa no jogo. As verificações de ficheiros não certificam todos os jogos e GPU.
# Additional mod UI
Installa ReShade	Install ReShade	Instalar ReShade	Installer ReShade	ReShade installieren	Instalar ReShade
Installa RenoDX	Install RenoDX	Instalar RenoDX	Installer RenoDX	RenoDX installieren	Instalar RenoDX
ReShade installato · aggiorna	ReShade installed · update	ReShade instalado · actualizar	ReShade installé · mettre à jour	ReShade installiert · aktualisieren	ReShade instalado · atualizar
RenoDX installato · aggiorna	RenoDX installed · update	RenoDX instalado · actualizar	RenoDX installé · mettre à jour	RenoDX installiert · aktualisieren	RenoDX instalado · atualizar
ReShade · non installato per questo eseguibile	ReShade · not installed for this executable	ReShade · no instalado para este ejecutable	ReShade · non installé pour cet exécutable	ReShade · für diese EXE nicht installiert	ReShade · não instalado para este executável
RenoDX · non installato	RenoDX · not installed	RenoDX · no instalado	RenoDX · non installé	RenoDX · nicht installiert	RenoDX · não instalado
ReShade · installato · {0}	ReShade · installed · {0}	ReShade · instalado · {0}	ReShade · installé · {0}	ReShade · installiert · {0}	ReShade · instalado · {0}
Stato letto dai file del gioco · attivazione in gioco da verificare	Status read from game files · verify activation in game	Estado de los archivos · verifica la activación en el juego	État des fichiers · vérifier l’activation dans le jeu	Status aus Spieldateien · Aktivierung im Spiel prüfen	Estado dos ficheiros · verificar ativação no jogo
Componenti rilevati per questo eseguibile. Aggiorna quelli presenti oppure aggiungi la mod RenoDX del gioco.	Components detected for this executable. Update installed components or add the game’s RenoDX mod.	Componentes detectados para este ejecutable. Actualiza los instalados o añade la mod RenoDX del juego.	Composants détectés pour cet exécutable. Mettez-les à jour ou ajoutez le mod RenoDX du jeu.	Komponenten für diese EXE erkannt. Installierte Komponenten aktualisieren oder die RenoDX-Mod des Spiels hinzufügen.	Componentes detetados para este executável. Atualiza os instalados ou adiciona a mod RenoDX do jogo.
Giallo: canale installato verificato · Blu: scelta per il prossimo aggiornamento	Gold: verified installed channel · Blue: choice for the next update	Dorado: canal instalado verificado · Azul: elección para la próxima actualización	Doré : canal installé vérifié · Bleu : choix pour la prochaine mise à jour	Gold: installierter Kanal bestätigt · Blau: Auswahl für das nächste Update	Dourado: canal instalado verificado · Azul: escolha para a próxima atualização
Versioni controllate online al momento dell’installazione.	Versions checked online at installation time.	Versiones comprobadas online al instalar.	Versions vérifiées en ligne lors de l’installation.	Versionen werden bei der Installation online geprüft.	Versões verificadas online durante a instalação.
ReShade stabile	Stable ReShade	ReShade estable	ReShade stable	ReShade stabil	ReShade estável
ReShade nightly	ReShade nightly	ReShade nightly	ReShade nightly	ReShade nightly	ReShade nightly
Disinstalla ReShade	Uninstall ReShade	Desinstalar ReShade	Désinstaller ReShade	ReShade deinstallieren	Desinstalar ReShade
Pulisci ReShade	Clean ReShade	Limpiar ReShade	Nettoyer ReShade	ReShade bereinigen	Limpar ReShade
Catalogo mod RenoDX	RenoDX mod catalog	Catálogo de mods RenoDX	Catalogue des mods RenoDX	RenoDX-Mod-Katalog	Catálogo de mods RenoDX
Importa mod RenoDX locale…	Import local RenoDX mod…	Importar mod RenoDX local…	Importer un mod RenoDX local…	Lokale RenoDX-Mod importieren…	Importar mod RenoDX local…
Importa pacchetto ReShade…	Import ReShade package…	Importar paquete ReShade…	Importer un paquet ReShade…	ReShade-Paket importieren…	Importar pacote ReShade…
Tasto overlay ReShade · senza modificatori	ReShade menu key · no modifiers	Tecla del menú ReShade · sin modificadores	Touche du menu ReShade · sans modificateurs	ReShade-Menütaste · ohne Zusatztasten	Tecla do menu ReShade · sem modificadores
Applica tasto ReShade	Apply ReShade key	Aplicar tecla ReShade	Appliquer la touche ReShade	ReShade-Taste anwenden	Aplicar tecla ReShade
Ripristina tasto ReShade	Restore ReShade key	Restaurar tecla ReShade	Restaurer la touche ReShade	ReShade-Taste wiederherstellen	Restaurar tecla ReShade
Ripristina RenoDX	Restore RenoDX	Restaurar RenoDX	Restaurer RenoDX	RenoDX wiederherstellen	Restaurar RenoDX
HDR, DLSS 5 e mod grafiche. Senza complicazioni.	HDR, DLSS 5 and graphics mods. Simplified.	HDR, DLSS 5 y mods gráficos. Sin complicaciones.	HDR, DLSS 5 et mods graphiques. En toute simplicité.	HDR, DLSS 5 und Grafik-Mods. Einfach eingerichtet.	HDR, DLSS 5 e mods gráficos. Sem complicações.
Add-on e shader ReShade	ReShade add-ons and shaders	Complementos y shaders ReShade	Add-ons et shaders ReShade	ReShade-Add-ons und Shader	Add-ons e shaders ReShade
Installa selezionato	Install selected	Instalar seleccionado	Installer la sélection	Auswahl installieren	Instalar selecionado
Rimuovi selezionato	Remove selected	Eliminar seleccionado	Supprimer la sélection	Auswahl entfernen	Remover selecionado
Selezione dai progetti degli autori e dal catalogo ReShade; non è una classifica dei download.	Selected from author projects and the ReShade catalog; this is not a download ranking.	Selección de proyectos de autores y del catálogo ReShade; no es una clasificación de descargas.	Sélection de projets d’auteurs et du catalogue ReShade ; ce n’est pas un classement des téléchargements.	Auswahl aus Autorenprojekten und dem ReShade-Katalog; keine Download-Rangliste.	Seleção de projetos dos autores e do catálogo ReShade; não é uma classificação de downloads.
MFG: nessuna release stabile disponibile.	MFG: no stable release available.	MFG: no hay versión estable disponible.	MFG : aucune version stable disponible.	MFG: Keine stabile Version verfügbar.	MFG: nenhuma versão estável disponível.
MFG: pacchetto non supportato. Nessun file del gioco modificato.	MFG: unsupported release package. No game files changed.	MFG: paquete no compatible. No se han modificado archivos del juego.	MFG : paquet non pris en charge. Aucun fichier du jeu modifié.	MFG: Paket nicht unterstützt. Keine Spieldateien geändert.	MFG: pacote não suportado. Nenhum ficheiro do jogo alterado.
MFG: origine o checksum della release non validi.	MFG: invalid release origin or checksum.	MFG: origen o checksum de la versión no válido.	MFG : origine ou somme de contrôle invalide.	MFG: Ungültige Quelle oder Prüfsumme.	MFG: origem ou checksum da versão inválido.
MFG: verifica del download fallita. Nessun file del gioco modificato.	MFG: download verification failed. No game files changed.	MFG: falló la verificación de descarga. Ningún archivo del juego modificado.	MFG : échec de vérification du téléchargement. Aucun fichier du jeu modifié.	MFG: Downloadprüfung fehlgeschlagen. Keine Spieldateien geändert.	MFG: a verificação do download falhou. Nenhum ficheiro do jogo alterado.
MFG: backup mancante o modificato: {0}	MFG: backup missing or changed: {0}	MFG: copia ausente o modificada: {0}	MFG : sauvegarde absente ou modifiée : {0}	MFG: Backup fehlt oder wurde geändert: {0}	MFG: backup ausente ou alterado: {0}
MFG: add-on modificato dopo l’installazione. Ripristino fermato.	MFG: add-on changed after installation. Restore stopped.	MFG: complemento modificado tras instalar. Restauración detenida.	MFG : add-on modifié après installation. Restauration arrêtée.	MFG: Add-on nach Installation verändert. Wiederherstellung gestoppt.	MFG: add-on alterado após a instalação. Restauro interrompido.
MFG: file inatteso nel registro di installazione.	MFG: unexpected file in installation record.	MFG: archivo inesperado en el registro de instalación.	MFG : fichier inattendu dans le registre d’installation.	MFG: Unerwartete Datei im Installationsprotokoll.	MFG: ficheiro inesperado no registo de instalação.
È presente un altro add-on MFG: {0}	Another MFG add-on is present: {0}	Hay otro complemento MFG: {0}	Un autre add-on MFG est présent : {0}	Ein anderes MFG-Add-on ist vorhanden: {0}	Existe outro add-on MFG: {0}
ReShade64.dll non è collegato a OptiScaler. Configura prima ReShade.	ReShade64.dll is not connected to OptiScaler. Configure ReShade first.	ReShade64.dll no está conectado a OptiScaler. Configura ReShade primero.	ReShade64.dll n’est pas relié à OptiScaler. Configurez ReShade d’abord.	ReShade64.dll ist nicht mit OptiScaler verbunden. Zuerst ReShade einrichten.	ReShade64.dll não está ligado ao OptiScaler. Configura ReShade primeiro.

Neural Rendering · immagine	Neural Rendering · image	Neural Rendering · imagen	Neural Rendering · image	Neural Rendering · Bild	Neural Rendering · imagem
Componenti DLSS · file del gioco	DLSS components · game files	Componentes DLSS · archivos del juego	Composants DLSS · fichiers du jeu	DLSS-Komponenten · Spieldateien	Componentes DLSS · ficheiros do jogo
La sezione DLSS usa gruppi verticali: Neural Rendering, Frame Generation, componenti DLSS e Personalizza. I pulsanti mantengono lo stile originale. Installa OptiScaler e Applica impostazioni restano visibili in basso; scorri per raggiungere i dettagli e gli strumenti di recupero.	The DLSS section uses vertical groups: Neural Rendering, Frame Generation, DLSS components and Customize. Buttons retain their original style. Install OptiScaler and Apply settings remain visible at the bottom; scroll to reach details and recovery tools.	La sección DLSS usa grupos verticales: Neural Rendering, Frame Generation, componentes DLSS y Personalizar. Los botones conservan su estilo original. Instalar OptiScaler y Aplicar ajustes siguen visibles abajo; desplázate para ver los detalles y las herramientas de recuperación.	La section DLSS utilise des groupes verticaux : Neural Rendering, Frame Generation, composants DLSS et Personnaliser. Les boutons conservent leur style original. Installer OptiScaler et Appliquer les paramètres restent visibles en bas ; faites défiler pour accéder aux détails et aux outils de récupération.	Der DLSS-Bereich verwendet vertikale Gruppen: Neural Rendering, Frame Generation, DLSS-Komponenten und Anpassen. Die Schaltflächen behalten ihren ursprünglichen Stil. OptiScaler installieren und Einstellungen anwenden bleiben unten sichtbar; scrollen Sie zu Details und Wiederherstellungswerkzeugen.	A secção DLSS usa grupos verticais: Neural Rendering, Frame Generation, componentes DLSS e Personalizar. Os botões mantêm o estilo original. Instalar OptiScaler e Aplicar definições continuam visíveis em baixo; desloque para aceder aos detalhes e às ferramentas de recuperação.

Scarica ultima versione Streamline	Download latest Streamline	Descargar última versión de Streamline	Télécharger la dernière version de Streamline	Neueste Streamline-Version herunterladen	Descarregar última versão do Streamline
Importa ZIP SDK Streamline	Import Streamline SDK ZIP	Importar ZIP del SDK Streamline	Importer le ZIP du SDK Streamline	Streamline-SDK-ZIP importieren	Importar ZIP do SDK Streamline
Ripristina Streamline	Restore Streamline	Restaurar Streamline	Restaurer Streamline	Streamline wiederherstellen	Restaurar Streamline
Versioni NVIDIA Streamline	NVIDIA Streamline releases	Versiones de NVIDIA Streamline	Versions NVIDIA Streamline	NVIDIA-Streamline-Versionen	Versões do NVIDIA Streamline
Streamline: non rilevato	Streamline: not detected	Streamline: no detectado	Streamline : non détecté	Streamline: nicht erkannt	Streamline: não detetado
cartelle	folders	carpetas	dossiers	Ordner	pastas
Controllo dell’ultima versione NVIDIA Streamline…	Checking the latest NVIDIA Streamline release…	Comprobando la última versión de NVIDIA Streamline…	Recherche de la dernière version NVIDIA Streamline…	Neueste NVIDIA-Streamline-Version wird geprüft…	A verificar a última versão do NVIDIA Streamline…
Download e verifica di NVIDIA Streamline…	Downloading and verifying NVIDIA Streamline…	Descargando y verificando NVIDIA Streamline…	Téléchargement et vérification de NVIDIA Streamline…	NVIDIA Streamline wird heruntergeladen und geprüft…	A descarregar e verificar NVIDIA Streamline…
Versione Streamline non disponibile.	Streamline version is unavailable.	Versión de Streamline no disponible.	Version de Streamline indisponible.	Streamline-Version nicht verfügbar.	Versão do Streamline indisponível.
Componente Streamline x64 non valido.	Invalid Streamline x64 component.	Componente Streamline x64 no válido.	Composant Streamline x64 non valide.	Ungültige Streamline-x64-Komponente.	Componente Streamline x64 inválido.
Sono accettati solo componenti NVIDIA di produzione corrispondenti.	Only matching NVIDIA production components are accepted.	Solo se aceptan componentes de producción NVIDIA correspondientes.	Seuls les composants de production NVIDIA correspondants sont acceptés.	Nur passende NVIDIA-Produktionskomponenten werden akzeptiert.	Apenas são aceites componentes de produção NVIDIA correspondentes.
Seleziona una cartella Streamline rilevata nel gioco.	Select a detected Streamline folder inside the game.	Selecciona una carpeta Streamline detectada dentro del juego.	Sélectionnez un dossier Streamline détecté dans le jeu.	Wählen Sie einen erkannten Streamline-Ordner im Spiel.	Selecione uma pasta Streamline detetada no jogo.
L’integrazione esistente deve includere sl.interposer.dll e sl.common.dll nella cartella selezionata.	A complete existing integration requires sl.interposer.dll and sl.common.dll in the selected folder.	La integración existente debe incluir sl.interposer.dll y sl.common.dll en la carpeta seleccionada.	L’intégration existante doit inclure sl.interposer.dll et sl.common.dll dans le dossier sélectionné.	Die vorhandene Integration benötigt sl.interposer.dll und sl.common.dll im gewählten Ordner.	A integração existente deve incluir sl.interposer.dll e sl.common.dll na pasta selecionada.
Si possono aggiornare solo integrazioni Streamline 2.x esistenti. I passaggi tra versioni principali sono bloccati.	Only existing Streamline 2.x integrations can be updated. Major-version migrations are blocked.	Solo se pueden actualizar integraciones Streamline 2.x existentes. Se bloquean los cambios de versión principal.	Seules les intégrations Streamline 2.x existantes peuvent être mises à jour. Les changements de version majeure sont bloqués.	Nur vorhandene Streamline-2.x-Integrationen können aktualisiert werden. Hauptversionswechsel werden blockiert.	Apenas integrações Streamline 2.x existentes podem ser atualizadas. As mudanças de versão principal são bloqueadas.
Pacchetto Streamline di produzione non supportato o ambiguo.	Unsupported or ambiguous Streamline production package.	Paquete de producción Streamline no compatible o ambiguo.	Paquet de production Streamline non pris en charge ou ambigu.	Nicht unterstütztes oder mehrdeutiges Streamline-Produktionspaket.	Pacote de produção Streamline não suportado ou ambíguo.
Dimensione del pacchetto Streamline non valida.	Invalid Streamline package size.	Tamaño del paquete Streamline no válido.	Taille du paquet Streamline non valide.	Ungültige Streamline-Paketgröße.	Tamanho do pacote Streamline inválido.
Pacchetto Streamline incompleto.	Incomplete Streamline package.	Paquete Streamline incompleto.	Paquet Streamline incomplet.	Unvollständiges Streamline-Paket.	Pacote Streamline incompleto.
Versioni Streamline miste o non supportate.	Mixed or unsupported Streamline versions.	Versiones Streamline mezcladas o no compatibles.	Versions Streamline mélangées ou non prises en charge.	Gemischte oder nicht unterstützte Streamline-Versionen.	Versões Streamline misturadas ou não suportadas.
Release Streamline non supportata.	Unsupported Streamline release.	Versión Streamline no compatible.	Version Streamline non prise en charge.	Nicht unterstützte Streamline-Version.	Versão Streamline não suportada.
Pacchetto ufficiale Streamline x64 non trovato.	Official x64 Streamline package not found.	No se encontró el paquete oficial Streamline x64.	Paquet officiel Streamline x64 introuvable.	Offizielles Streamline-x64-Paket nicht gefunden.	Pacote oficial Streamline x64 não encontrado.
Metadati di integrità della release Streamline non validi.	Streamline release integrity metadata is invalid.	Metadatos de integridad de Streamline no válidos.	Métadonnées d’intégrité de Streamline non valides.	Ungültige Integritätsmetadaten der Streamline-Version.	Metadados de integridade do Streamline inválidos.
Checksum del pacchetto Streamline non corrispondente.	Streamline package checksum mismatch.	La suma de comprobación del paquete Streamline no coincide.	La somme de contrôle du paquet Streamline ne correspond pas.	Streamline-Paketprüfsumme stimmt nicht überein.	A soma de verificação do pacote Streamline não corresponde.
Versione della release Streamline non corrispondente.	Streamline release version mismatch.	La versión de Streamline no coincide.	La version de Streamline ne correspond pas.	Streamline-Versionsangabe stimmt nicht überein.	A versão do Streamline não corresponde.
Il backup Streamline appartiene a un altro gioco.	Streamline backup belongs to another game.	La copia de seguridad de Streamline pertenece a otro juego.	La sauvegarde Streamline appartient à un autre jeu.	Die Streamline-Sicherung gehört zu einem anderen Spiel.	A cópia de segurança do Streamline pertence a outro jogo.
Viene aggiornata solo questa cartella. DLL NVIDIA DLSS, impostazioni JSON e altre mod vengono conservate. La compatibilità col gioco non è garantita; ripristina se necessario.	Only this folder is updated. NVIDIA DLSS DLLs, JSON settings and other mods are preserved. Game compatibility is not guaranteed; restore if needed.	Solo se actualiza esta carpeta. Se conservan las DLL NVIDIA DLSS, los ajustes JSON y las otras modificaciones. La compatibilidad con el juego no está garantizada; restaura si es necesario.	Seul ce dossier est mis à jour. Les DLL NVIDIA DLSS, les paramètres JSON et les autres mods sont conservés. La compatibilité avec le jeu n’est pas garantie ; restaurez si nécessaire.	Nur dieser Ordner wird aktualisiert. NVIDIA-DLSS-DLLs, JSON-Einstellungen und andere Mods bleiben erhalten. Spielkompatibilität ist nicht garantiert; bei Bedarf wiederherstellen.	Apenas esta pasta é atualizada. As DLL NVIDIA DLSS, as definições JSON e outros mods são preservados. A compatibilidade com o jogo não é garantida; restaure se necessário.
Nel pacchetto manca un componente già usato dal gioco.	The package is missing a component already used by the game.	Falta en el paquete un componente que ya utiliza el juego.	Un composant déjà utilisé par le jeu manque dans le paquet.	Im Paket fehlt eine bereits vom Spiel verwendete Komponente.	Falta no pacote um componente já utilizado pelo jogo.
File o backup Streamline modificati fuori da HDLSS. Ripristinali o controllali prima.	Streamline files or backups changed outside HDLSS. Restore or inspect them first.	Archivos o copias de Streamline modificados fuera de HDLSS. Restáuralos o revísalos primero.	Fichiers ou sauvegardes Streamline modifiés hors de HDLSS. Restaurez-les ou vérifiez-les d’abord.	Streamline-Dateien oder Sicherungen wurden außerhalb von HDLSS geändert. Zuerst wiederherstellen oder prüfen.	Ficheiros ou cópias do Streamline alterados fora do HDLSS. Restaure-os ou verifique-os primeiro.
I file Streamline sono già identici. Nessuna modifica necessaria.	Streamline files are already identical. No changes needed.	Los archivos Streamline ya son idénticos. No se necesitan cambios.	Les fichiers Streamline sont déjà identiques. Aucune modification nécessaire.	Die Streamline-Dateien sind bereits identisch. Keine Änderung erforderlich.	Os ficheiros Streamline já são idênticos. Não são necessárias alterações.
Nessun backup Streamline per questa cartella.	No Streamline backup for this folder.	No hay copia de seguridad de Streamline para esta carpeta.	Aucune sauvegarde Streamline pour ce dossier.	Keine Streamline-Sicherung für diesen Ordner.	Não existe cópia de segurança do Streamline para esta pasta.
Backup Streamline non valido.	Invalid Streamline backup.	Copia de seguridad de Streamline no válida.	Sauvegarde Streamline non valide.	Ungültige Streamline-Sicherung.	Cópia de segurança do Streamline inválida.
Aggiorna un’integrazione Streamline esistente con DLL NVIDIA di produzione. Seleziona la cartella rilevata, scarica l’ultimo SDK stabile o importa il suo ZIP, poi controlla e applica con backup. Non aggiunge Streamline o Frame Generation a giochi non supportati. Streamline 1.x e i passaggi tra versioni principali sono bloccati. Usa Rimozione per ripristinare i file Streamline originali.	Update an existing Streamline integration using NVIDIA production DLLs. Select the detected folder, download the latest stable SDK or import its ZIP, then review and apply with backup. This does not add Streamline or Frame Generation to unsupported games. Streamline 1.x and major-version migrations are blocked. Game compatibility must be tested after updating; use Removal to restore the original Streamline files.	Actualiza una integración Streamline existente con DLL de producción NVIDIA. Selecciona la carpeta detectada, descarga el último SDK estable o importa su ZIP, revisa y aplica con copia de seguridad. No añade Streamline ni Frame Generation a juegos no compatibles. Se bloquean Streamline 1.x y los cambios de versión principal. Usa Eliminación para restaurar los archivos originales de Streamline.	Mettez à jour une intégration Streamline existante avec les DLL de production NVIDIA. Sélectionnez le dossier détecté, téléchargez le dernier SDK stable ou importez son ZIP, puis vérifiez et appliquez avec sauvegarde. Cela n’ajoute pas Streamline ni Frame Generation aux jeux non compatibles. Streamline 1.x et les changements de version majeure sont bloqués. Utilisez Suppression pour restaurer les fichiers Streamline d’origine.	Aktualisieren Sie eine vorhandene Streamline-Integration mit NVIDIA-Produktions-DLLs. Wählen Sie den erkannten Ordner, laden Sie das neueste stabile SDK herunter oder importieren Sie dessen ZIP, prüfen Sie den Plan und wenden Sie ihn mit Sicherung an. Dies fügt nicht unterstützten Spielen weder Streamline noch Frame Generation hinzu. Streamline 1.x und Hauptversionswechsel sind blockiert. Unter Entfernen können die ursprünglichen Streamline-Dateien wiederhergestellt werden.	Atualize uma integração Streamline existente com DLL de produção NVIDIA. Selecione a pasta detetada, descarregue o último SDK estável ou importe o ZIP, reveja e aplique com cópia de segurança. Isto não adiciona Streamline ou Frame Generation a jogos não suportados. Streamline 1.x e mudanças de versão principal são bloqueadas. Use Remoção para restaurar os ficheiros Streamline originais.

Rimuovi mod	Remove mods	Eliminar mods	Supprimer les mods	Mods entfernen	Remover mods
Controlla rimozione	Review removal	Revisar eliminación	Vérifier la suppression	Entfernung prüfen	Rever remoção
Seleziona almeno un componente.	Select at least one component.	Selecciona al menos un componente.	Sélectionnez au moins un composant.	Mindestens eine Komponente auswählen.	Selecione pelo menos um componente.
Nessun file riconosciuto per i componenti selezionati.	No recognized files for the selected components.	No hay archivos reconocidos para los componentes seleccionados.	Aucun fichier reconnu pour les composants sélectionnés.	Keine erkannten Dateien für die ausgewählten Komponenten.	Nenhum ficheiro reconhecido para os componentes selecionados.
ReShade dipende da OptiScaler. Seleziona anche ReShade per rimuovere la catena in una sola operazione.	ReShade depends on OptiScaler. Select ReShade too to remove this chain in one operation.	ReShade depende de OptiScaler. Selecciona también ReShade para eliminar la cadena en una operación.	ReShade dépend d’OptiScaler. Sélectionnez aussi ReShade pour supprimer cette chaîne en une opération.	ReShade benötigt OptiScaler. Auch ReShade auswählen, um die Kette in einem Schritt zu entfernen.	ReShade depende do OptiScaler. Selecione também ReShade para remover a cadeia numa operação.
ReShade dipende da OptiScaler ed è incluso nella rimozione.	ReShade depends on OptiScaler and is included in this removal.	ReShade depende de OptiScaler y se incluye en esta eliminación.	ReShade dépend d’OptiScaler et sera également supprimé.	ReShade benötigt OptiScaler und wird ebenfalls entfernt.	ReShade depende do OptiScaler e está incluído nesta remoção.
Installa / aggiorna ASI Loader	Install / update ASI Loader	Instalar / actualizar ASI Loader	Installer / mettre à jour ASI Loader	ASI Loader installieren / aktualisieren	Instalar / atualizar ASI Loader
Ripristina ASI Loader	Restore ASI Loader	Restaurar ASI Loader	Restaurer ASI Loader	ASI Loader wiederherstellen	Restaurar ASI Loader
ASI Loader: non rilevato.	ASI Loader: not detected.	ASI Loader: no detectado.	ASI Loader : non détecté.	ASI Loader: nicht erkannt.	ASI Loader: não detetado.
Controllo l’ultima versione di ASI Loader…	Checking the latest ASI Loader release…	Buscando la última versión de ASI Loader…	Recherche de la dernière version d’ASI Loader…	Neueste ASI Loader-Version wird geprüft…	A verificar a versão mais recente do ASI Loader…
Rilevati più ASI loader. Risolvi il duplicato prima di aggiornare:	Multiple ASI loaders detected. Resolve the duplicate before updating:	Se detectaron varios ASI loaders. Resuelve el duplicado antes de actualizar:	Plusieurs ASI loaders détectés. Résolvez le doublon avant la mise à jour :	Mehrere ASI Loader erkannt. Duplikat vor dem Update beheben:	Vários ASI loaders detetados. Resolva o duplicado antes de atualizar:
La DLL selezionata appartiene a un altro componente:	The selected DLL belongs to another component:	La DLL seleccionada pertenece a otro componente:	La DLL sélectionnée appartient à un autre composant :	Die ausgewählte DLL gehört zu einer anderen Komponente:	A DLL selecionada pertence a outro componente:
ASI Loader è già aggiornato.	ASI Loader is already up to date.	ASI Loader ya está actualizado.	ASI Loader est déjà à jour.	ASI Loader ist bereits aktuell.	ASI Loader já está atualizado.
Il registro ASI Loader non corrisponde a questo gioco.	ASI Loader installation record does not match this game.	El registro de ASI Loader no corresponde a este juego.	Le registre ASI Loader ne correspond pas à ce jeu.	Der ASI Loader-Installationsdatensatz passt nicht zu diesem Spiel.	O registo de ASI Loader não corresponde a este jogo.
File o backup ASI Loader modificato. Ripristino fermato.	ASI Loader file or backup changed. Restore stopped.	Archivo o copia de ASI Loader modificados. Restauración detenida.	Fichier ou sauvegarde ASI Loader modifié. Restauration arrêtée.	ASI Loader-Datei oder Sicherung geändert. Wiederherstellung gestoppt.	Ficheiro ou cópia ASI Loader alterado. Restauro interrompido.
Ripristina ASI Loader. Le mod ASI e le loro impostazioni sono conservate.	Restore ASI Loader. ASI mods and their settings are preserved.	Restaurar ASI Loader. Se conservan las mods ASI y sus ajustes.	Restaurer ASI Loader. Les mods ASI et leurs réglages sont conservés.	ASI Loader wiederherstellen. ASI-Mods und Einstellungen bleiben erhalten.	Restaurar ASI Loader. As mods ASI e as definições são preservadas.
File aggiornati e verificati. Avvia il gioco per verificare compatibilità e attivazione.	Files updated and verified. Launch the game to verify compatibility and activation.	Archivos actualizados y verificados. Inicia el juego para comprobar compatibilidad y activación.	Fichiers mis à jour et vérifiés. Lancez le jeu pour vérifier la compatibilité et l’activation.	Dateien aktualisiert und geprüft. Spiel starten, um Kompatibilität und Aktivierung zu prüfen.	Ficheiros atualizados e verificados. Inicie o jogo para verificar compatibilidade e ativação.
Componente Streamline sconosciuto. Aggiornamento fermato per evitare versioni miste.	Unknown Streamline component. Update stopped to avoid mixing versions.	Componente Streamline desconocido. Actualización detenida para evitar mezclar versiones.	Composant Streamline inconnu. Mise à jour arrêtée pour éviter de mélanger les versions.	Unbekannte Streamline-Komponente. Update gestoppt, um gemischte Versionen zu vermeiden.	Componente Streamline desconhecido. Atualização interrompida para evitar misturar versões.
ASI Loader: pacchetto non supportato.	ASI Loader: unsupported package.	ASI Loader: paquete no compatible.	ASI Loader: paquet non pris en charge.	ASI Loader: nicht unterstütztes Paket.	ASI Loader: pacote não suportado.
ASI Loader: libreria x64 non valida.	ASI Loader: invalid x64 library.	ASI Loader: biblioteca x64 no válida.	ASI Loader: bibliothèque x64 non valide.	ASI Loader: ungültige x64-Bibliothek.	ASI Loader: biblioteca x64 inválida.
ASI Loader: nessuna versione stabile disponibile.	ASI Loader: no stable release available.	ASI Loader: ninguna versión estable disponible.	ASI Loader: aucune version stable disponible.	ASI Loader: keine stabile Version verfügbar.	ASI Loader: nenhuma versão estável disponível.
ASI Loader: origine o checksum della versione non validi.	ASI Loader: invalid release origin or checksum.	ASI Loader: origen o checksum de versión no válidos.	ASI Loader: origine ou somme de contrôle non valide.	ASI Loader: ungültige Herkunft oder Prüfsumme.	ASI Loader: origem ou checksum da versão inválidos.
ASI Loader: verifica del download fallita.	ASI Loader: download verification failed.	ASI Loader: verificación de descarga fallida.	ASI Loader: échec de vérification du téléchargement.	ASI Loader: Downloadprüfung fehlgeschlagen.	ASI Loader: verificação da transferência falhou.
ASI Loader: nome DLL non supportato.	ASI Loader: unsupported DLL name.	ASI Loader: nombre DLL no compatible.	ASI Loader: nom de DLL non pris en charge.	ASI Loader: nicht unterstützter DLL-Name.	ASI Loader: nome DLL não suportado.
ASI Loader scarica l’ultima versione stabile x64 di Ultimate ASI Loader dall’autore. Scegli il nome DLL richiesto dalla mod. I loader già presenti vengono aggiornati sul posto; duplicati e nomi occupati bloccano l’installazione. Il loader non installa le mod ASI e non garantisce compatibilità con il gioco. Conserva la cartella data per il ripristino.	ASI Loader downloads the latest stable Ultimate ASI Loader x64 from its author. Choose the DLL name required by your mod. Existing ASI loaders are detected and updated in place; duplicate loaders and occupied names stop installation. Installing the loader does not install ASI mods or guarantee game compatibility. Keep the data folder for restoration.	ASI Loader descarga la última versión estable x64 de Ultimate ASI Loader del autor. Elige el nombre DLL requerido por la mod. Los loaders existentes se actualizan; los duplicados y nombres ocupados bloquean la instalación. El loader no instala mods ASI ni garantiza compatibilidad. Conserva la carpeta data para restaurar.	ASI Loader télécharge la dernière version stable x64 d’Ultimate ASI Loader auprès de son auteur. Choisissez le nom DLL requis par le mod. Les loaders existants sont mis à jour ; doublons et noms occupés bloquent l’installation. Le loader n’installe pas les mods ASI et ne garantit pas la compatibilité. Conservez le dossier data pour restaurer.	ASI Loader lädt die neueste stabile x64-Version von Ultimate ASI Loader vom Autor. Den vom Mod benötigten DLL-Namen auswählen. Vorhandene Loader werden aktualisiert; Duplikate und belegte Namen blockieren die Installation. Der Loader installiert keine ASI-Mods und garantiert keine Spielkompatibilität. Den Ordner data zur Wiederherstellung behalten.	ASI Loader transfere a versão estável x64 mais recente do Ultimate ASI Loader do autor. Escolha o nome DLL exigido pela mod. Os loaders existentes são atualizados; duplicados e nomes ocupados impedem a instalação. O loader não instala mods ASI nem garante compatibilidade. Guarde a pasta data para restaurar.
Rimuovi mod apre un pannello unico per ReShade, RenoDX HDR e DLSS 5 / OptiScaler. Seleziona i componenti, controlla i file rilevati e applica una volta con copia di recupero. La rimozione di ReShade include gli add-on HDR rilevati e MFG Unlock. Se ReShade è caricato tramite OptiScaler, per rimuovere OptiScaler devi selezionare anche ReShade. DLSS nativo, Streamline, mod ASI e UE4SS sono conservati. I file sconosciuti non vengono eliminati.	Remove mods opens one panel for ReShade, RenoDX HDR and DLSS 5 / OptiScaler. Select components, review the detected files and apply once with a recovery copy. Removing ReShade also removes detected HDR add-ons and MFG Unlock. When ReShade is loaded through OptiScaler, removing OptiScaler also requires selecting ReShade. Native DLSS, Streamline, ASI mods and UE4SS are preserved. Unknown files are not deleted.	Eliminar mods abre un panel para ReShade, RenoDX HDR y DLSS 5 / OptiScaler. Selecciona componentes, revisa los archivos y aplica una vez con copia de recuperación. Eliminar ReShade incluye los complementos HDR detectados y MFG Unlock. Si ReShade se carga mediante OptiScaler, selecciona también ReShade al quitar OptiScaler. Se conservan DLSS nativo, Streamline, mods ASI y UE4SS. No se eliminan archivos desconocidos.	Supprimer les mods ouvre un panneau pour ReShade, RenoDX HDR et DLSS 5 / OptiScaler. Sélectionnez les composants, vérifiez les fichiers et appliquez une fois avec copie de récupération. La suppression de ReShade inclut les extensions HDR détectées et MFG Unlock. Si ReShade est chargé par OptiScaler, sélectionnez aussi ReShade pour supprimer OptiScaler. DLSS natif, Streamline, mods ASI et UE4SS sont conservés. Les fichiers inconnus ne sont pas supprimés.	Mods entfernen öffnet ein gemeinsames Fenster für ReShade, RenoDX HDR und DLSS 5 / OptiScaler. Komponenten auswählen, Dateien prüfen und einmal mit Sicherung anwenden. ReShade entfernen umfasst erkannte HDR-Add-ons und MFG Unlock. Wird ReShade über OptiScaler geladen, muss auch ReShade zum Entfernen ausgewählt werden. Natives DLSS, Streamline, ASI-Mods und UE4SS bleiben erhalten. Unbekannte Dateien werden nicht gelöscht.	Remover mods abre um painel para ReShade, RenoDX HDR e DLSS 5 / OptiScaler. Selecione componentes, reveja os ficheiros e aplique uma vez com cópia de recuperação. Remover ReShade inclui os add-ons HDR detetados e MFG Unlock. Se ReShade for carregado pelo OptiScaler, selecione também ReShade para remover OptiScaler. DLSS nativo, Streamline, mods ASI e UE4SS são preservados. Ficheiros desconhecidos não são eliminados.

ASI Loader richiede un eseguibile di gioco a 64 bit.	ASI Loader requires a 64-bit game executable.	ASI Loader requiere un ejecutable de juego de 64 bits.	ASI Loader nécessite un exécutable de jeu 64 bits.	ASI Loader benötigt eine 64-Bit-Spielanwendung.	ASI Loader requer um executável de jogo de 64 bits.
Ripristina MFG Unlock recupera il precedente add-on e rimuove solo la voce di caricamento anticipato aggiunta. Le impostazioni ReShade successive sono conservate. Usa Rimuovi mod per rimuovere ReShade e MFG insieme. Conserva la cartella data: backup mancanti o modificati bloccano il ripristino.	Restore MFG Unlock restores its previous add-on file and removes only its added early-load entry. Later ReShade settings are retained. Use Remove mods to remove ReShade and MFG together. Keep the data folder: missing or changed backups stop restoration.	Restaurar MFG Unlock recupera el complemento anterior y elimina solo su entrada de carga anticipada. Conserva los ajustes posteriores de ReShade. Usa Eliminar mods para quitar ReShade y MFG juntos. Conserva data: las copias ausentes o alteradas impiden restaurar.	Restaurer MFG Unlock récupère l’extension précédente et retire seulement son entrée de chargement anticipé. Les réglages ReShade ultérieurs sont conservés. Utilisez Supprimer les mods pour retirer ReShade et MFG ensemble. Conservez data : les sauvegardes absentes ou modifiées bloquent la restauration.	MFG Unlock wiederherstellen stellt das vorherige Add-on wieder her und entfernt nur den hinzugefügten Frühstarteintrag. Spätere ReShade-Einstellungen bleiben erhalten. Mods entfernen entfernt ReShade und MFG gemeinsam. data behalten: Fehlende oder geänderte Sicherungen stoppen die Wiederherstellung.	Restaurar MFG Unlock recupera o add-on anterior e remove apenas a entrada de carregamento antecipado adicionada. As definições ReShade posteriores são mantidas. Use Remover mods para remover ReShade e MFG juntos. Guarde data: cópias ausentes ou alteradas impedem o restauro.

Aggiornamenti mod	Mod updates	Actualizaciones de mods	Mises à jour des mods	Mod-Updates	Atualizações de mods
Rimuovi componenti	Remove components	Eliminar componentes	Supprimer des composants	Komponenten entfernen	Remover componentes
Controllo aggiornamenti…	Checking updates…	Buscando actualizaciones…	Recherche des mises à jour…	Updates werden geprüft…	A procurar atualizações…
Controlla di nuovo	Check again	Comprobar de nuevo	Vérifier à nouveau	Erneut prüfen	Verificar novamente
Aggiorna	Update	Actualizar	Mettre à jour	Aktualisieren	Atualizar
Disinstalla	Uninstall	Desinstalar	Désinstaller	Deinstallieren	Desinstalar
Ripristina originale	Restore original	Restaurar original	Restaurer l’original	Original wiederherstellen	Restaurar original
Controlla modifiche	Review changes	Revisar cambios	Vérifier les modifications	Änderungen prüfen	Rever alterações
Applica con backup	Apply with backup	Aplicar con copia de seguridad	Appliquer avec sauvegarde	Mit Sicherung anwenden	Aplicar com cópia de segurança
File verificati. Copia di recupero:	Files verified. Recovery copy:	Archivos verificados. Copia de recuperación:	Fichiers vérifiés. Copie de récupération :	Dateien geprüft. Wiederherstellungskopie:	Ficheiros verificados. Cópia de recuperação:
Versione non verificabile	Version check unavailable	Versión no verificable	Version non vérifiable	Versionsprüfung nicht verfügbar	Versão não verificável
Aggiornamento disponibile	Update available	Actualización disponible	Mise à jour disponible	Update verfügbar	Atualização disponível
Aggiornato	Up to date	Actualizado	À jour	Aktuell	Atualizado
Revisione installata sconosciuta	Installed revision unknown	Revisión instalada desconocida	Révision installée inconnue	Installierte Revision unbekannt	Revisão instalada desconhecida
Non controllato	Not checked	Sin comprobar	Non vérifié	Nicht geprüft	Não verificado
Pulisci loader duplicati	Clean duplicate loaders	Limpiar loaders duplicados	Nettoyer les loaders en double	Doppelte Loader bereinigen	Limpar loaders duplicados
Rimuovi un componente alla volta. I file vengono eliminati con una copia di recupero; le altre mod sono conservate.	Remove one component at a time. Files are deleted with a recovery copy; other mods are preserved.	Elimina un componente a la vez. Los archivos se eliminan con una copia de recuperación; las otras mods se conservan.	Supprimez un composant à la fois. Les fichiers sont supprimés avec une copie de récupération ; les autres mods sont conservés.	Eine Komponente nach der anderen entfernen. Dateien werden mit Wiederherstellungskopie gelöscht; andere Mods bleiben erhalten.	Remova um componente de cada vez. Os ficheiros são eliminados com cópia de recuperação; as outras mods são preservadas.
Il controllo avviene all’avvio. Gli aggiornamenti si applicano solo quando li scegli, con backup.	Checks run at startup. Updates are applied only when you choose them, with backup.	Se comprueba al iniciar. Las actualizaciones solo se aplican cuando las eliges, con copia de seguridad.	La vérification a lieu au démarrage. Les mises à jour ne sont appliquées que sur votre choix, avec sauvegarde.	Prüfung beim Start. Updates werden nur auf Ihre Auswahl mit Sicherung angewendet.	A verificação ocorre ao iniciar. As atualizações só são aplicadas quando as escolher, com cópia de segurança.
Rimuove solo questo componente; le mod che ne dipendono restano su disco e potrebbero richiederne la reinstallazione.	Remove only this component; dependent mods remain on disk and may need it reinstalled.	Elimina solo este componente; las mods dependientes permanecen y pueden requerir reinstalarlo.	Supprime uniquement ce composant ; les mods dépendants restent sur le disque et peuvent nécessiter sa réinstallation.	Nur diese Komponente entfernen; abhängige Mods bleiben auf dem Datenträger und benötigen eventuell eine Neuinstallation.	Remove apenas este componente; mods dependentes permanecem no disco e podem exigir a sua reinstalação.
Rimuove OptiScaler. DLSS nativo, modelli Neural Rendering e altre mod sono conservati.	Remove OptiScaler. Native DLSS, Neural Rendering models and other mods are preserved.	Elimina OptiScaler. Se conservan DLSS nativo, modelos Neural Rendering y otras mods.	Supprime OptiScaler. DLSS natif, modèles Neural Rendering et autres mods sont conservés.	OptiScaler entfernen. Natives DLSS, Neural-Rendering-Modelle und andere Mods bleiben erhalten.	Remove OptiScaler. DLSS nativo, modelos Neural Rendering e outras mods são preservados.
Impossibile conservare ReShade: dxgi.dll appartiene a un altro componente.	Cannot preserve ReShade: dxgi.dll belongs to another component.	No se puede conservar ReShade: dxgi.dll pertenece a otro componente.	Impossible de conserver ReShade : dxgi.dll appartient à un autre composant.	ReShade kann nicht erhalten werden: dxgi.dll gehört zu einer anderen Komponente.	Não é possível preservar ReShade: dxgi.dll pertence a outro componente.
Vengono rimossi solo loader di mod identici byte per byte in questa cartella. Un loader importato dal gioco viene conservato; le copie native in altre cartelle rimangono.	Only byte-identical mod loaders in this folder are removed. One loader imported by the game is kept; native DLL copies in other folders are preserved.	Solo se eliminan loaders de mods idénticos en esta carpeta. Se conserva uno importado por el juego; las DLL nativas de otras carpetas permanecen.	Seuls les loaders de mods identiques dans ce dossier sont supprimés. Un loader importé par le jeu est conservé ; les DLL natives des autres dossiers restent.	Nur bytegleiche Mod-Loader in diesem Ordner werden entfernt. Ein vom Spiel importierter Loader bleibt; native DLL-Kopien in anderen Ordnern bleiben erhalten.	Só são removidos loaders de mods idênticos nesta pasta. Um loader importado pelo jogo é mantido; DLL nativas noutras pastas são preservadas.
Nessun loader duplicato può essere rimosso automaticamente in sicurezza. Cartelle diverse, contenuti diversi o percorsi di caricamento non verificati vengono conservati.	No duplicate loader can be safely removed automatically. Different folders, different contents or unverified loading paths are preserved.	No se puede eliminar ningún loader duplicado automáticamente con seguridad. Se conservan carpetas o contenidos distintos y rutas de carga no verificadas.	Aucun loader en double ne peut être supprimé automatiquement en sécurité. Dossiers ou contenus différents et chemins de chargement non vérifiés sont conservés.	Kein doppelter Loader kann sicher automatisch entfernt werden. Andere Ordner, unterschiedliche Inhalte und ungeprüfte Ladepfade bleiben erhalten.	Nenhum loader duplicado pode ser removido automaticamente em segurança. Pastas ou conteúdos diferentes e caminhos de carregamento não verificados são preservados.

Ripristina precedente	Restore previous	Restaurar anterior	Restaurer la version précédente	Vorherige Version wiederherstellen	Restaurar anterior

Nella pagina principale del gioco usa i singoli pulsanti di rimozione. Aggiornamenti mod e Controlla di nuovo sono nella stessa pagina. Gli altri componenti restano su disco.	In the main game page, use the individual removal buttons. Mod updates and Check again are on the same page. Other components remain on disk.	En la página principal del juego usa los botones individuales de eliminación. Las actualizaciones y Volver a comprobar están en la misma página. Los demás componentes permanecen.	Dans la page principale du jeu, utilisez les boutons de suppression individuels. Les mises à jour et Vérifier à nouveau sont sur la même page. Les autres composants restent sur le disque.	Auf der Hauptseite des Spiels befinden sich einzelne Entfernen-Schaltflächen, Mod-Updates und Erneut prüfen. Andere Komponenten bleiben erhalten.	Na página principal do jogo, use os botões individuais de remoção. As atualizações e Verificar novamente estão na mesma página. Os outros componentes permanecem.

Rimozione	Removal	Eliminación	Suppression	Entfernen	Remoção
Rimuovi ReShade	Remove ReShade	Eliminar ReShade	Supprimer ReShade	ReShade entfernen	Remover ReShade
Rimuovi ASI Loader	Remove ASI Loader	Eliminar ASI Loader	Supprimer ASI Loader	ASI Loader entfernen	Remover ASI Loader
Rimuovi RenoDX	Remove RenoDX	Eliminar RenoDX	Supprimer RenoDX	RenoDX entfernen	Remover RenoDX
Rimuovi MFG	Remove MFG	Eliminar MFG	Supprimer MFG	MFG entfernen	Remover MFG
Rimuovi OptiScaler	Remove OptiScaler	Eliminar OptiScaler	Supprimer OptiScaler	OptiScaler entfernen	Remover OptiScaler
Rimuovi Neural Rendering	Remove Neural Rendering	Eliminar Neural Rendering	Supprimer Neural Rendering	Neural Rendering entfernen	Remover Neural Rendering
Nessun componente installato rilevato.	No installed components detected.	No se detectaron componentes instalados.	Aucun composant installé détecté.	Keine installierten Komponenten erkannt.	Nenhum componente instalado detectado.

Add-on manuale	Manual add-on	Complemento manual	Extension manuelle	Manuelles Add-on	Add-on manual
Aggiorna da Nexus	Update via Nexus	Actualizar desde Nexus	Mettre à jour via Nexus	Über Nexus aktualisieren	Atualizar via Nexus
Importa aggiornamento…	Import update…	Importar actualización…	Importer une mise à jour…	Update importieren…	Importar atualização…
Nexus Mods: aggiornamento assistito	Nexus Mods: assisted update	Nexus Mods: actualización asistida	Nexus Mods : mise à jour assistée	Nexus Mods: geführtes Update	Nexus Mods: atualização assistida
Aggiornamento manuale: fonte non collegata	Manual update: source not linked	Actualización manual: fuente no vinculada	Mise à jour manuelle : source non liée	Manuelles Update: Quelle nicht verknüpft	Atualização manual: fonte não associada
Scegli lo stesso nome di add-on (x64).	Choose the same add-on filename (x64).	Elige el mismo nombre de complemento (x64).	Choisissez le même nom de fichier (x64).	Gleichen Add-on-Dateinamen wählen (x64).	Escolha o mesmo nome do add-on (x64).
L’add-on selezionato è già installato.	The selected add-on is already installed.	El complemento seleccionado ya está instalado.	L’extension sélectionnée est déjà installée.	Das gewählte Add-on ist bereits installiert.	O add-on selecionado já está instalado.
Aggiorna solo questo add-on; gli altri file vengono conservati.	Update only this add-on; other files are preserved.	Actualiza solo este complemento; se conservan los demás archivos.	Met à jour cette extension uniquement ; les autres fichiers sont conservés.	Nur dieses Add-on aktualisieren; andere Dateien bleiben erhalten.	Atualiza apenas este add-on; os outros ficheiros são preservados.

Gli add-on manuali sono separati da RenoDX HDR gestito. Ognuno ha il proprio pulsante di rimozione. Gli aggiornamenti Nexus richiedono il download dal sito; per fonti sconosciute usa Importa aggiornamento. Viene sostituito solo l’add-on corrispondente, con backup.	Manual add-ons are listed separately from managed RenoDX HDR. Each has its own removal button. Nexus updates require the website download; unknown sources use Import update. Only the matching add-on is replaced, with backup.	Los complementos manuales se separan de RenoDX HDR gestionado. Cada uno tiene su botón de eliminación. Nexus requiere descargar desde el sitio; para otras fuentes usa Importar actualización. Solo se sustituye el complemento correspondiente, con copia de seguridad.	Les extensions manuelles sont séparées de RenoDX HDR géré. Chacune dispose d’un bouton de suppression. Nexus nécessite un téléchargement sur le site ; utilisez Importer pour les sources inconnues. Seule l’extension correspondante est remplacée, avec sauvegarde.	Manuelle Add-ons werden getrennt von verwaltetem RenoDX HDR angezeigt, mit eigener Entfernen-Schaltfläche. Nexus erfordert den Download auf der Website; unbekannte Quellen nutzen Update importieren. Nur das passende Add-on wird mit Sicherung ersetzt.	Os add-ons manuais são separados de RenoDX HDR gerido. Cada um tem um botão de remoção. Nexus exige o download no site; para outras fontes use Importar atualização. Apenas o add-on correspondente é substituído, com cópia de segurança.

ReShade · installato	ReShade · installed	ReShade · instalado	ReShade · installé	ReShade · installiert	ReShade · instalado
RenoDX HDR · installato	RenoDX HDR · installed	RenoDX HDR · instalado	RenoDX HDR · installé	RenoDX HDR · installiert	RenoDX HDR · instalado
MFG Unlock · installato	MFG Unlock · installed	MFG Unlock · instalado	MFG Unlock · installé	MFG Unlock · installiert	MFG Unlock · instalado

Seleziona un pacchetto, poi Installa selezionato o Rimuovi selezionato. Giallo significa installato, non aggiornamento disponibile. Gli aggiornamenti sono elencati separatamente.	Select a package, then Install selected or Remove selected. Yellow means installed, not update available. Updates are listed separately.	Selecciona un paquete y luego Instalar seleccionado o Eliminar seleccionado. Amarillo significa instalado, no actualización disponible. Las actualizaciones se muestran por separado.	Sélectionnez un paquet, puis Installer la sélection ou Supprimer la sélection. Jaune signifie installé, pas mise à jour disponible. Les mises à jour sont séparées.	Paket wählen, dann Auswahl installieren oder Auswahl entfernen. Gelb bedeutet installiert, nicht Update verfügbar. Updates werden separat angezeigt.	Selecione um pacote e depois Instalar selecionado ou Remover selecionado. Amarelo significa instalado, não atualização disponível. As atualizações são separadas.
